date,sh510300,sh510500,sh511880,sh512100,sh518880,sh588000,sz159915
2020-11-16,4.482,5.757,91.461,2.518,3.888,1.465,2.62
2020-11-17,4.473,5.716,91.476,2.485,3.881,1.436,2.572
2020-11-18,4.466,5.71,91.477,2.491,3.856,1.424,2.534
2020-11-19,4.508,5.744,91.474,2.504,3.837,1.438,2.556
2020-11-20,4.523,5.796,91.486,2.524,3.843,1.435,2.576
2020-11-23,4.581,5.842,91.495,2.545,3.851,1.422,2.593
2020-11-24,4.549,5.84,91.504,2.535,3.755,1.416,2.582
2020-11-25,4.487,5.741,91.519,2.494,3.714,1.393,2.528
2020-11-26,4.494,5.723,91.52,2.474,3.718,1.39,2.522
2020-11-27,4.565,5.748,91.532,2.483,3.72,1.392,2.532
2020-11-30,4.54,5.702,91.549,2.469,3.628,1.391,2.541
2020-12-01,4.651,5.8,91.548,2.507,3.653,1.409,2.602
2020-12-02,4.64,5.805,91.556,2.51,3.707,1.414,2.593
2020-12-03,4.638,5.826,91.569,2.504,3.748,1.417,2.619
2020-12-04,4.649,5.849,91.596,2.526,3.754,1.411,2.637
2020-12-07,4.605,5.804,91.602,2.518,3.745,1.412,2.628
2020-12-08,4.589,5.796,91.605,2.513,3.8,1.408,2.646
2020-12-09,4.529,5.7,91.606,2.469,3.778,1.38,2.598
2020-12-10,4.519,5.71,91.609,2.469,3.74,1.383,2.627
2020-12-11,4.463,5.611,91.63,2.433,3.739,1.396,2.601
2020-12-14,4.507,5.655,91.639,2.455,3.74,1.413,2.641
2020-12-15,4.522,5.661,91.65,2.463,3.769,1.406,2.667
2020-12-16,4.532,5.639,91.654,2.439,3.793,1.388,2.667
2020-12-17,4.603,5.712,91.626,2.466,3.812,1.406,2.694
2020-12-18,4.574,5.691,91.652,2.461,3.838,1.403,2.688
2020-12-21,4.619,5.788,91.659,2.504,3.879,1.43,2.778
2020-12-22,4.542,5.669,91.686,2.455,3.825,1.403,2.718
2020-12-23,4.583,5.702,91.695,2.472,3.818,1.417,2.745
2020-12-24,4.583,5.625,91.713,2.442,3.832,1.393,2.726
2020-12-25,4.625,5.681,91.717,2.452,3.853,1.394,2.749
2020-12-28,4.639,5.644,91.726,2.444,3.858,1.38,2.745
2020-12-29,4.623,5.618,91.74,2.431,3.837,1.381,2.717
2020-12-30,4.687,5.668,91.734,2.436,3.832,1.403,2.799
2020-12-31,4.796,5.76,91.786,2.488,3.85,1.434,2.866
2021-01-04,4.843,5.865,91.795,2.537,3.902,1.464,2.976
2021-01-05,4.942,5.92,91.811,2.543,3.92,1.468,2.988
2021-01-06,4.991,5.913,91.852,2.515,3.931,1.458,3.003
2021-01-07,5.108,5.939,91.874,2.474,3.903,1.429,3.056
2021-01-08,5.08,5.955,91.868,2.461,3.878,1.423,3.036
2021-01-11,5.017,5.857,91.862,2.417,3.777,1.437,2.989
2021-01-12,5.177,5.934,91.879,2.466,3.805,1.45,3.076
2021-01-13,5.155,5.894,91.861,2.436,3.797,1.454,3.025
2021-01-14,5.052,5.849,91.86,2.433,3.772,1.498,2.987
2021-01-15,5.035,5.826,91.879,2.447,3.785,1.492,2.99
2021-01-18,5.094,5.901,91.89,2.502,3.775,1.526,3.046
2021-01-19,5.019,5.867,91.887,2.477,3.779,1.492,2.976
2021-01-20,5.049,5.924,91.896,2.491,3.789,1.524,3.096
2021-01-21,5.143,6.013,91.897,2.521,3.825,1.526,3.176
2021-01-22,5.146,6.022,91.92,2.515,3.806,1.536,3.241
2021-01-25,5.212,6.032,91.924,2.488,3.788,1.542,3.242
2021-01-26,5.092,5.935,91.927,2.452,3.799,1.524,3.152
2021-01-27,5.102,5.95,91.93,2.45,3.779,1.503,3.166
2021-01-28,4.966,5.831,91.926,2.401,3.761,1.469,3.057
2021-01-29,4.929,5.743,91.956,2.365,3.778,1.467,3.029
2021-02-01,4.992,5.786,91.965,2.381,3.82,1.467,3.056
2021-02-02,5.072,5.845,91.978,2.403,3.789,1.478,3.118
2021-02-03,5.066,5.808,92.0,2.365,3.75,1.456,3.106
2021-02-04,5.055,5.741,92.003,2.313,3.723,1.435,3.098
2021-02-05,5.063,5.649,92.031,2.269,3.681,1.414,3.084
2021-02-08,5.135,5.722,92.028,2.28,3.712,1.425,3.084
2021-02-09,5.273,5.846,92.05,2.354,3.752,1.472,3.222
2021-02-10,5.388,5.916,92.1,2.368,3.756,1.478,3.293
2021-02-18,5.345,6.01,92.096,2.42,3.65,1.476,3.202
2021-02-19,5.377,6.101,92.112,2.463,3.634,1.472,3.17
2021-02-22,5.17,6.041,92.115,2.466,3.675,1.433,3.032
2021-02-23,5.155,6.024,92.139,2.439,3.713,1.433,3.009
2021-02-24,5.008,5.942,92.139,2.422,3.705,1.409,2.904
2021-02-25,5.059,5.91,92.148,2.411,3.67,1.393,2.878
2021-02-26,4.91,5.771,92.157,2.373,3.613,1.368,2.814
2021-03-01,4.999,5.881,92.169,2.439,3.595,1.4,2.894
2021-03-02,4.93,5.832,92.184,2.439,3.536,1.392,2.859
2021-03-03,5.035,5.915,92.198,2.469,3.549,1.4,2.9
2021-03-04,4.868,5.808,92.172,2.428,3.514,1.366,2.751
2021-03-05,4.847,5.818,92.195,2.431,3.482,1.37,2.772
2021-03-08,4.661,5.669,92.201,2.368,3.519,1.316,2.633
2021-03-09,4.56,5.533,92.202,2.299,3.506,1.269,2.547
2021-03-10,4.581,5.471,92.212,2.272,3.542,1.272,2.586
2021-03-11,4.71,5.628,92.219,2.338,3.573,1.304,2.65
2021-03-12,4.723,5.633,92.238,2.343,3.524,1.298,2.658
2021-03-15,4.621,5.593,92.269,2.318,3.556,1.26,2.555
2021-03-16,4.654,5.596,92.257,2.346,3.562,1.258,2.579
2021-03-17,4.677,5.631,92.251,2.354,3.577,1.271,2.607
2021-03-18,4.717,5.675,92.25,2.357,3.604,1.277,2.65
2021-03-19,4.578,5.626,92.267,2.351,3.589,1.266,2.579
2021-03-22,4.635,5.703,92.278,2.392,3.57,1.28,2.607
2021-03-23,4.59,5.633,92.286,2.37,3.585,1.273,2.579
2021-03-24,4.514,5.568,92.292,2.318,3.578,1.258,2.543
2021-03-25,4.51,5.582,92.294,2.324,3.589,1.259,2.567
2021-03-26,4.614,5.66,92.302,2.365,3.579,1.293,2.65
2021-03-29,4.624,5.66,92.309,2.37,3.579,1.286,2.637
2021-03-30,4.668,5.681,92.309,2.368,3.536,1.286,2.673
2021-03-31,4.631,5.673,92.333,2.368,3.495,1.284,2.665
2021-04-01,4.693,5.715,92.341,2.381,3.565,1.303,2.718
2021-04-02,4.742,5.729,92.359,2.384,3.612,1.338,2.756
2021-04-06,4.714,5.741,92.367,2.414,3.591,1.335,2.73
2021-04-07,4.679,5.75,92.376,2.414,3.607,1.339,2.707
2021-04-08,4.69,5.769,92.376,2.409,3.614,1.33,2.728
2021-04-09,4.619,5.748,92.396,2.411,3.631,1.309,2.69
2021-04-12,4.535,5.648,92.408,2.351,3.612,1.282,2.627
2021-04-13,4.528,5.629,92.413,2.343,3.575,1.28,2.649
2021-04-14,4.556,5.684,92.418,2.376,3.615,1.29,2.707
2021-04-15,4.528,5.69,92.43,2.37,3.612,1.3,2.698
2021-04-16,4.544,5.766,92.434,2.403,3.643,1.315,2.688
2021-04-19,4.67,5.829,92.433,2.433,3.67,1.336,2.798
2021-04-20,4.662,5.841,92.447,2.428,3.635,1.33,2.791
2021-04-21,4.674,5.825,92.451,2.431,3.673,1.325,2.814
2021-04-22,4.67,5.847,92.458,2.442,3.676,1.345,2.837
2021-04-23,4.721,5.878,92.472,2.433,3.668,1.352,2.891
2021-04-26,4.657,5.852,92.473,2.417,3.649,1.352,2.863
2021-04-27,4.67,5.85,92.479,2.411,3.653,1.352,2.884
2021-04-28,4.708,5.895,92.483,2.425,3.632,1.361,2.949
2021-04-29,4.754,5.897,92.508,2.414,3.643,1.363,2.952
2021-04-30,4.709,5.907,92.53,2.409,3.625,1.364,2.989
2021-05-06,4.642,5.887,92.527,2.417,3.676,1.348,2.904
2021-05-07,4.581,5.86,92.547,2.39,3.717,1.304,2.819
2021-05-10,4.58,5.879,92.557,2.39,3.73,1.294,2.827
2021-05-11,4.606,5.861,92.568,2.39,3.725,1.294,2.823
2021-05-12,4.637,5.93,92.572,2.433,3.732,1.31,2.865
2021-05-13,4.582,5.86,92.574,2.409,3.717,1.313,2.845
2021-05-14,4.708,5.957,92.56,2.455,3.739,1.341,2.937
2021-05-17,4.769,5.99,92.581,2.439,3.777,1.367,3.007
2021-05-18,4.771,6.007,92.599,2.455,3.802,1.359,2.988
2021-05-19,4.757,5.997,92.607,2.45,3.812,1.365,3.012
2021-05-20,4.771,5.973,92.605,2.452,3.811,1.369,3.043
2021-05-21,4.716,5.949,92.623,2.461,3.816,1.354,3.012
2021-05-24,4.744,5.967,92.635,2.48,3.828,1.371,3.036
2021-05-25,4.908,6.035,92.616,2.507,3.812,1.408,3.119
2021-05-26,4.909,6.045,92.64,2.521,3.852,1.404,3.095
2021-05-27,4.928,6.098,92.637,2.551,3.829,1.437,3.118
2021-05-28,4.913,6.095,92.657,2.537,3.8,1.43,3.121
2021-05-31,4.919,6.141,92.657,2.595,3.828,1.484,3.195
2021-06-01,4.927,6.151,92.668,2.603,3.853,1.502,3.188
2021-06-02,4.884,6.111,92.678,2.567,3.793,1.469,3.133
2021-06-03,4.843,6.098,92.683,2.567,3.774,1.456,3.099
2021-06-04,4.876,6.128,92.704,2.584,3.732,1.475,3.141
2021-06-07,4.87,6.146,92.712,2.622,3.757,1.475,3.122
2021-06-08,4.828,6.122,92.723,2.603,3.778,1.465,3.105
2021-06-09,4.836,6.116,92.716,2.6,3.775,1.472,3.1
2021-06-10,4.87,6.199,92.718,2.641,3.764,1.498,3.179
2021-06-11,4.821,6.167,92.736,2.622,3.795,1.493,3.195
2021-06-15,4.762,6.087,92.751,2.603,3.73,1.499,3.155
2021-06-16,4.691,6.009,92.766,2.554,3.729,1.453,3.024
2021-06-17,4.702,6.048,92.783,2.595,3.667,1.528,3.088
2021-06-18,4.707,6.113,92.785,2.622,3.625,1.55,3.137
2021-06-21,4.7,6.138,92.783,2.677,3.628,1.584,3.166
2021-06-22,4.726,6.177,92.785,2.674,3.641,1.58,3.174
2021-06-23,4.757,6.23,92.791,2.707,3.645,1.588,3.217
2021-06-24,4.77,6.206,92.802,2.669,3.628,1.561,3.174
2021-06-25,4.851,6.259,92.813,2.682,3.624,1.595,3.243
2021-06-28,4.86,6.263,92.807,2.704,3.629,1.618,3.305
2021-06-29,4.806,6.212,92.829,2.682,3.616,1.621,3.297
2021-06-30,4.837,6.245,92.843,2.718,3.584,1.648,3.373
2021-07-01,4.835,6.17,92.875,2.671,3.629,1.633,3.34
2021-07-02,4.694,6.115,92.873,2.644,3.632,1.594,3.227
2021-07-05,4.701,6.154,92.881,2.696,3.645,1.64,3.25
2021-07-06,4.708,6.153,92.885,2.682,3.679,1.591,3.196
2021-07-07,4.761,6.212,92.887,2.726,3.676,1.624,3.305
2021-07-08,4.717,6.203,92.896,2.734,3.67,1.67,3.322
2021-07-09,4.693,6.259,92.909,2.745,3.68,1.644,3.303
2021-07-12,4.761,6.354,92.912,2.8,3.674,1.66,3.427
2021-07-13,4.777,6.417,92.921,2.822,3.689,1.654,3.411
2021-07-14,4.72,6.373,92.947,2.783,3.692,1.616,3.382
2021-07-15,4.788,6.389,92.927,2.775,3.721,1.617,3.429
2021-07-16,4.737,6.398,92.949,2.778,3.711,1.584,3.328
2021-07-19,4.759,6.36,92.954,2.775,3.679,1.573,3.35
2021-07-20,4.746,6.368,92.955,2.797,3.709,1.577,3.356
2021-07-21,4.785,6.453,92.961,2.849,3.695,1.623,3.455
2021-07-22,4.79,6.483,92.962,2.863,3.667,1.638,3.438
2021-07-23,4.738,6.47,92.971,2.846,3.684,1.627,3.367
2021-07-26,4.563,6.343,92.985,2.808,3.693,1.616,3.27
2021-07-27,4.39,6.215,92.993,2.726,3.662,1.605,3.14
2021-07-28,4.4,6.115,92.999,2.671,3.698,1.574,3.183
2021-07-29,4.487,6.226,93.0,2.778,3.708,1.651,3.358
2021-07-30,4.453,6.247,93.036,2.808,3.72,1.651,3.328
2021-08-02,4.574,6.337,93.025,2.871,3.68,1.657,3.393
2021-08-03,4.576,6.29,93.046,2.814,3.681,1.621,3.363
2021-08-04,4.62,6.389,93.04,2.887,3.689,1.665,3.446
2021-08-05,4.59,6.381,93.055,2.877,3.685,1.664,3.419
2021-08-06,4.574,6.412,93.085,2.893,3.663,1.65,3.386
2021-08-09,4.629,6.439,93.082,2.896,3.568,1.631,3.348
2021-08-10,4.686,6.486,93.079,2.92,3.552,1.647,3.366
2021-08-11,4.659,6.538,93.088,2.945,3.548,1.639,3.326
2021-08-12,4.627,6.565,93.113,2.967,3.58,1.646,3.28
2021-08-13,4.6,6.567,93.114,2.964,3.591,1.611,3.249
2021-08-16,4.597,6.532,93.11,2.926,3.621,1.607,3.206
2021-08-17,4.485,6.379,93.115,2.841,3.658,1.566,3.126
2021-08-18,4.538,6.408,93.118,2.871,3.66,1.565,3.16
2021-08-19,4.504,6.423,93.121,2.896,3.648,1.603,3.177
2021-08-20,4.414,6.393,93.141,2.907,3.659,1.59,3.1
2021-08-23,4.486,6.491,93.133,2.967,3.652,1.621,3.195
2021-08-24,4.538,6.563,93.135,2.997,3.679,1.636,3.225
2021-08-25,4.552,6.619,93.151,3.005,3.658,1.601,3.241
2021-08-26,4.467,6.589,93.157,2.967,3.645,1.555,3.164
2021-08-27,4.48,6.643,93.164,2.975,3.682,1.538,3.158
2021-08-30,4.462,6.692,93.171,2.989,3.691,1.527,3.164
2021-08-31,4.46,6.72,93.186,2.997,3.69,1.491,3.106
2021-09-01,4.53,6.659,93.2,2.939,3.69,1.48,3.094
2021-09-02,4.526,6.787,93.207,2.986,3.687,1.456,3.046
2021-09-03,4.499,6.75,93.235,2.953,3.687,1.457,3.01
2021-09-06,4.583,6.812,93.227,2.997,3.708,1.493,3.129
2021-09-07,4.646,6.97,93.235,3.054,3.696,1.494,3.147
2021-09-08,4.625,7.017,93.238,3.073,3.653,1.467,3.123
2021-09-09,4.623,7.082,93.245,3.057,3.639,1.454,3.126
2021-09-10,4.672,7.079,93.258,3.079,3.66,1.482,3.135
2021-09-13,4.645,7.105,93.258,3.082,3.642,1.438,3.095
2021-09-14,4.579,7.022,93.274,3.068,3.646,1.452,3.14
2021-09-15,4.526,7.053,93.276,3.095,3.659,1.437,3.105
2021-09-16,4.47,6.918,93.284,2.997,3.628,1.402,3.035
2021-09-17,4.509,6.858,93.311,3.002,3.592,1.413,3.097
2021-09-22,4.476,6.93,93.306,3.016,3.64,1.41,3.068
2021-09-23,4.505,6.97,93.312,3.024,3.605,1.419,3.086
2021-09-24,4.512,6.861,93.329,2.98,3.586,1.428,3.109
2021-09-27,4.544,6.661,93.333,2.882,3.59,1.424,3.13
2021-09-28,4.535,6.665,93.353,2.887,3.562,1.407,3.114
2021-09-29,4.502,6.507,93.372,2.792,3.557,1.399,3.083
2021-09-30,4.516,6.569,93.442,2.86,3.543,1.423,3.148
2021-10-08,4.587,6.559,93.424,2.877,3.587,1.417,3.138
2021-10-11,4.586,6.553,93.43,2.857,3.573,1.404,3.096
2021-10-12,4.534,6.419,93.442,2.783,3.591,1.371,3.042
2021-10-13,4.59,6.45,93.455,2.816,3.59,1.395,3.109
2021-10-14,4.563,6.475,93.479,2.841,3.636,1.398,3.112
2021-10-15,4.587,6.51,93.485,2.844,3.629,1.418,3.176
2021-10-18,4.529,6.531,93.468,2.871,3.58,1.405,3.172
2021-10-19,4.576,6.585,93.463,2.904,3.594,1.42,3.191
2021-10-20,4.562,6.582,93.477,2.915,3.584,1.424,3.185
2021-10-21,4.584,6.564,93.479,2.893,3.601,1.415,3.174
2021-10-22,4.617,6.511,93.496,2.874,3.615,1.423,3.185
2021-10-25,4.634,6.569,93.506,2.918,3.606,1.434,3.236
2021-10-26,4.617,6.579,93.513,2.912,3.621,1.429,3.221
2021-10-27,4.551,6.517,93.527,2.879,3.594,1.412,3.205
2021-10-28,4.53,6.435,93.509,2.814,3.629,1.412,3.178
2021-10-29,4.562,6.504,93.529,2.863,3.609,1.45,3.249
2021-11-01,4.546,6.53,93.533,2.885,3.594,1.459,3.224
2021-11-02,4.494,6.463,93.541,2.855,3.617,1.46,3.228
2021-11-03,4.474,6.486,93.547,2.857,3.589,1.454,3.222
2021-11-04,4.521,6.541,93.554,2.896,3.575,1.466,3.26
2021-11-05,4.504,6.485,93.562,2.855,3.624,1.453,3.248
2021-11-08,4.5,6.506,93.57,2.874,3.66,1.454,3.278
2021-11-09,4.498,6.549,93.58,2.915,3.671,1.476,3.3
2021-11-10,4.473,6.532,93.595,2.918,3.669,1.475,3.296
2021-11-11,4.553,6.589,93.588,2.948,3.721,1.493,3.324
2021-11-12,4.551,6.628,93.595,2.986,3.722,1.497,3.324
2021-11-15,4.545,6.576,93.609,2.975,3.716,1.486,3.295
2021-11-16,4.541,6.529,93.621,2.942,3.732,1.475,3.282
2021-11-17,4.54,6.57,93.628,3.0,3.72,1.491,3.317
2021-11-18,4.496,6.569,93.641,2.989,3.735,1.479,3.274
2021-11-19,4.551,6.652,93.645,3.027,3.73,1.501,3.313
2021-11-22,4.564,6.713,93.65,3.093,3.696,1.533,3.393
2021-11-23,4.567,6.73,93.656,3.084,3.632,1.532,3.38
2021-11-24,4.578,6.724,93.661,3.082,3.613,1.527,3.362
2021-11-25,4.559,6.72,93.669,3.071,3.611,1.524,3.368
2021-11-26,4.517,6.699,93.684,3.079,3.628,1.515,3.364
2021-11-29,4.51,6.706,93.673,3.106,3.614,1.531,3.389
2021-11-30,4.492,6.72,93.687,3.125,3.605,1.53,3.386
2021-12-01,4.505,6.757,93.705,3.128,3.591,1.511,3.365
2021-12-02,4.515,6.714,93.708,3.087,3.575,1.483,3.355
2021-12-03,4.56,6.781,93.72,3.106,3.566,1.499,3.37
2021-12-06,4.555,6.724,93.733,3.06,3.592,1.462,3.294
2021-12-07,4.583,6.68,93.749,3.011,3.584,1.447,3.266
2021-12-08,4.655,6.784,93.74,3.063,3.589,1.468,3.314
2021-12-09,4.739,6.791,93.738,3.082,3.575,1.489,3.353
2021-12-10,4.724,6.789,93.758,3.117,3.565,1.499,3.37
2021-12-13,4.737,6.804,93.767,3.093,3.585,1.495,3.389
2021-12-14,4.706,6.787,93.78,3.101,3.588,1.493,3.384
2021-12-15,4.66,6.778,93.784,3.09,3.552,1.475,3.355
2021-12-16,4.687,6.844,93.788,3.101,3.584,1.478,3.378
2021-12-17,4.614,6.793,93.81,3.06,3.629,1.452,3.328
2021-12-20,4.539,6.68,93.815,3.008,3.624,1.421,3.225
2021-12-21,4.56,6.734,93.808,3.046,3.599,1.431,3.247
2021-12-22,4.563,6.763,93.824,3.071,3.591,1.428,3.26
2021-12-23,4.601,6.803,93.828,3.071,3.627,1.43,3.269
2021-12-24,4.578,6.761,93.846,3.019,3.633,1.415,3.196
2021-12-27,4.582,6.746,93.848,3.019,3.63,1.411,3.19
2021-12-28,4.608,6.751,93.858,3.049,3.642,1.422,3.226
2021-12-29,4.541,6.733,93.862,3.049,3.625,1.41,3.182
2021-12-30,4.577,6.784,93.867,3.073,3.606,1.43,3.219
2021-12-31,4.589,6.821,93.916,3.112,3.643,1.452,3.218
2022-01-04,4.571,6.827,93.909,3.098,3.62,1.42,3.154
2022-01-05,4.524,6.686,93.904,3.016,3.635,1.384,3.064
2022-01-06,4.468,6.694,93.919,3.035,3.614,1.375,3.034
2022-01-07,4.48,6.658,93.939,2.98,3.592,1.358,3.003
2022-01-10,4.493,6.659,93.946,2.994,3.599,1.372,2.998
2022-01-11,4.448,6.618,93.959,2.964,3.629,1.344,2.96
2022-01-12,4.5,6.666,93.963,3.019,3.646,1.366,3.035
2022-01-13,4.419,6.588,93.969,2.961,3.654,1.348,2.99
2022-01-14,4.375,6.555,93.985,2.972,3.65,1.366,3.015
2022-01-17,4.416,6.624,93.996,3.03,3.635,1.391,3.068
2022-01-18,4.462,6.636,94.003,3.013,3.629,1.395,3.047
2022-01-19,4.436,6.596,93.994,2.97,3.625,1.378,2.985
2022-01-20,4.474,6.541,93.989,2.904,3.674,1.362,2.975
2022-01-21,4.44,6.467,94.016,2.857,3.672,1.344,2.941
2022-01-24,4.442,6.459,94.017,2.874,3.662,1.362,2.962
2022-01-25,4.336,6.234,94.03,2.759,3.671,1.327,2.881
2022-01-26,4.362,6.259,94.04,2.778,3.674,1.326,2.906
2022-01-27,4.281,6.1,94.06,2.69,3.606,1.291,2.815
2022-01-28,4.21,6.055,94.123,2.701,3.594,1.283,2.819
2022-02-07,4.282,6.148,94.148,2.729,3.62,1.284,2.83
2022-02-08,4.26,6.225,94.15,2.751,3.641,1.256,2.758
2022-02-09,4.299,6.316,94.128,2.789,3.658,1.26,2.791
2022-02-10,4.288,6.315,94.12,2.781,3.665,1.238,2.74
2022-02-11,4.252,6.235,94.136,2.721,3.645,1.217,2.66
2022-02-14,4.203,6.178,94.138,2.701,3.705,1.22,2.646
2022-02-15,4.245,6.236,94.151,2.759,3.742,1.25,2.726
2022-02-16,4.266,6.25,94.155,2.781,3.692,1.245,2.725
2022-02-17,4.276,6.252,94.159,2.792,3.726,1.255,2.744
2022-02-18,4.3,6.311,94.172,2.803,3.76,1.252,2.739
2022-02-21,4.283,6.341,94.173,2.838,3.754,1.241,2.713
2022-02-22,4.223,6.266,94.177,2.822,3.801,1.231,2.678
2022-02-23,4.271,6.364,94.177,2.89,3.772,1.279,2.754
2022-02-24,4.186,6.248,94.185,2.819,3.853,1.266,2.693
2022-02-25,4.221,6.295,94.195,2.846,3.807,1.29,2.763
2022-02-28,4.227,6.329,94.201,2.871,3.787,1.297,2.786
2022-03-01,4.265,6.347,94.213,2.877,3.786,1.29,2.795
2022-03-02,4.23,6.349,94.222,2.871,3.837,1.281,2.741
2022-03-03,4.201,6.342,94.236,2.841,3.827,1.26,2.704
2022-03-04,4.15,6.295,94.247,2.805,3.841,1.254,2.662
2022-03-07,4.002,6.142,94.255,2.732,3.926,1.217,2.543
2022-03-08,3.92,5.901,94.261,2.647,4.015,1.183,2.507
2022-03-09,3.88,5.791,94.271,2.617,4.061,1.184,2.483
2022-03-10,3.94,5.89,94.271,2.682,3.931,1.201,2.547
2022-03-11,3.968,5.979,94.286,2.701,3.937,1.212,2.583
2022-03-14,3.828,5.812,94.302,2.625,3.917,1.174,2.49
2022-03-15,3.629,5.447,94.298,2.496,3.832,1.142,2.421
2022-03-16,3.802,5.652,94.288,2.581,3.796,1.172,2.552
2022-03-17,3.886,5.75,94.298,2.63,3.845,1.189,2.624
2022-03-18,3.914,5.813,94.305,2.658,3.851,1.19,2.635
2022-03-21,3.908,5.837,94.336,2.688,3.841,1.2,2.636
2022-03-22,3.904,5.839,94.328,2.674,3.866,1.181,2.602
2022-03-23,3.929,5.881,94.334,2.693,3.835,1.191,2.629
2022-03-24,3.902,5.833,94.354,2.658,3.88,1.182,2.62
2022-03-25,3.825,5.753,94.36,2.636,3.907,1.153,2.565
2022-03-28,3.8,5.774,94.355,2.608,3.872,1.136,2.512
2022-03-29,3.782,5.741,94.372,2.592,3.849,1.125,2.511
2022-03-30,3.905,5.874,94.356,2.655,3.839,1.158,2.61
2022-03-31,3.874,5.819,94.403,2.617,3.833,1.137,2.574
2022-04-01,3.925,5.862,94.406,2.619,3.853,1.135,2.58
2022-04-06,3.913,5.848,94.421,2.608,3.836,1.103,2.55
2022-04-07,3.861,5.707,94.433,2.556,3.843,1.081,2.496
2022-04-08,3.889,5.727,94.447,2.537,3.852,1.072,2.491
2022-04-11,3.757,5.532,94.454,2.444,3.886,1.032,2.386
2022-04-12,3.827,5.629,94.449,2.474,3.908,1.038,2.44
2022-04-13,3.795,5.542,94.454,2.428,3.926,1.006,2.394
2022-04-14,3.839,5.62,94.461,2.444,3.931,1.017,2.389
2022-04-15,3.837,5.566,94.479,2.417,3.944,1.017,2.385
2022-04-18,3.817,5.571,94.478,2.439,3.967,1.047,2.412
2022-04-19,3.79,5.591,94.489,2.447,3.936,1.03,2.377
2022-04-20,3.72,5.453,94.488,2.395,3.886,1.013,2.288
2022-04-21,3.652,5.273,94.492,2.297,3.937,1.001,2.24
2022-04-22,3.662,5.239,94.498,2.269,3.951,0.983,2.225
2022-04-25,3.469,4.871,94.502,2.091,3.924,0.924,2.103
2022-04-26,3.439,4.775,94.512,2.023,3.89,0.909,2.086
2022-04-27,3.545,4.949,94.519,2.13,3.892,0.945,2.2
2022-04-28,3.571,4.934,94.543,2.102,3.89,0.941,2.158
2022-04-29,3.671,5.152,94.572,2.206,3.942,0.986,2.244
2022-05-05,3.656,5.191,94.562,2.247,3.929,0.994,2.212
2022-05-06,3.559,5.066,94.587,2.217,3.922,0.984,2.177
2022-05-09,3.527,5.114,94.594,2.247,3.939,0.987,2.162
2022-05-10,3.572,5.207,94.601,2.286,3.91,1.014,2.204
2022-05-11,3.627,5.244,94.599,2.31,3.89,1.045,2.272
2022-05-12,3.607,5.248,94.606,2.324,3.928,1.056,2.277
2022-05-13,3.638,5.313,94.629,2.343,3.888,1.055,2.285
2022-05-16,3.607,5.296,94.635,2.349,3.851,1.038,2.257
2022-05-17,3.656,5.326,94.632,2.359,3.877,1.052,2.293
2022-05-18,3.642,5.307,94.638,2.359,3.836,1.057,2.29
2022-05-19,3.651,5.36,94.644,2.39,3.85,1.08,2.306
2022-05-20,3.735,5.449,94.645,2.411,3.872,1.089,2.347
2022-05-23,3.703,5.474,94.653,2.452,3.875,1.089,2.332
2022-05-24,3.621,5.274,94.666,2.349,3.882,1.041,2.246
2022-05-25,3.638,5.365,94.668,2.39,3.887,1.049,2.253
2022-05-26,3.648,5.431,94.676,2.411,3.901,1.048,2.249
2022-05-27,3.658,5.431,94.686,2.406,3.917,1.036,2.251
2022-05-30,3.681,5.462,94.68,2.428,3.885,1.044,2.276
2022-05-31,3.745,5.554,94.684,2.452,3.877,1.078,2.334
2022-06-01,3.739,5.548,94.693,2.463,3.852,1.078,2.354
2022-06-02,3.75,5.619,94.689,2.491,3.877,1.126,2.386
2022-06-06,3.832,5.715,94.707,2.556,3.869,1.169,2.477
2022-06-07,3.838,5.711,94.719,2.551,3.854,1.16,2.478
2022-06-08,3.88,5.754,94.723,2.559,3.872,1.158,2.494
2022-06-09,3.846,5.68,94.73,2.513,3.881,1.128,2.423
2022-06-10,3.904,5.791,94.717,2.57,3.865,1.149,2.48
2022-06-13,3.852,5.772,94.751,2.589,3.926,1.134,2.469
2022-06-14,3.892,5.835,94.763,2.589,3.855,1.117,2.475
2022-06-15,3.941,5.809,94.76,2.578,3.834,1.111,2.497
2022-06-16,3.914,5.819,94.763,2.603,3.846,1.126,2.507
2022-06-17,3.977,5.878,94.774,2.633,3.874,1.143,2.584
2022-06-20,3.998,5.878,94.783,2.658,3.858,1.143,2.626
2022-06-21,3.996,5.833,94.787,2.628,3.852,1.131,2.615
2022-06-22,3.946,5.736,94.802,2.595,3.849,1.11,2.596
2022-06-23,4.021,5.871,94.788,2.658,3.854,1.132,2.68
2022-06-24,4.069,5.943,94.799,2.688,3.827,1.152,2.738
2022-06-27,4.117,5.97,94.809,2.718,3.853,1.152,2.741
2022-06-28,4.169,6.077,94.821,2.753,3.832,1.168,2.754
2022-06-29,4.114,5.975,94.831,2.693,3.821,1.14,2.683
2022-06-30,4.164,6.025,94.833,2.715,3.818,1.155,2.73
2022-07-01,4.149,6.013,94.854,2.723,3.784,1.142,2.699
2022-07-04,4.177,6.091,94.861,2.748,3.801,1.142,2.75
2022-07-05,4.167,6.082,94.885,2.74,3.797,1.139,2.739
2022-07-06,4.108,5.998,94.893,2.704,3.725,1.15,2.725
2022-07-07,4.124,6.025,94.887,2.737,3.676,1.161,2.769
2022-07-08,4.12,5.987,94.895,2.723,3.669,1.153,2.731
2022-07-11,4.044,5.902,94.902,2.682,3.669,1.129,2.69
2022-07-12,4.008,5.826,94.907,2.633,3.668,1.096,2.622
2022-07-13,4.015,5.849,94.905,2.655,3.646,1.099,2.665
2022-07-14,4.016,5.893,94.904,2.693,3.647,1.125,2.735
2022-07-15,3.951,5.787,94.923,2.663,3.622,1.121,2.68
2022-07-18,3.997,5.901,94.928,2.704,3.635,1.119,2.717
2022-07-19,3.975,5.924,94.933,2.729,3.627,1.11,2.67
2022-07-20,3.987,6.005,94.932,2.77,3.628,1.128,2.68
2022-07-21,3.942,5.943,94.939,2.753,3.599,1.142,2.67
2022-07-22,3.945,5.886,94.955,2.734,3.65,1.133,2.651
2022-07-25,3.927,5.824,94.967,2.696,3.663,1.124,2.629
2022-07-26,3.956,5.899,94.963,2.74,3.668,1.133,2.634
2022-07-27,3.932,5.926,94.966,2.764,3.659,1.147,2.637
2022-07-28,3.935,5.943,94.971,2.786,3.697,1.161,2.629
2022-07-29,3.876,5.892,94.985,2.775,3.749,1.139,2.594
2022-08-01,3.894,5.946,94.99,2.792,3.743,1.154,2.657
2022-08-02,3.823,5.788,94.99,2.712,3.773,1.149,2.605
2022-08-03,3.778,5.736,95.001,2.69,3.759,1.152,2.553
2022-08-04,3.809,5.757,95.011,2.704,3.76,1.167,2.565
2022-08-05,3.874,5.885,95.015,2.767,3.79,1.216,2.606
2022-08-08,3.86,5.92,95.02,2.789,3.769,1.206,2.596
2022-08-09,3.867,5.938,95.026,2.803,3.786,1.218,2.614
2022-08-10,3.822,5.926,95.03,2.803,3.794,1.208,2.579
2022-08-11,3.91,6.051,95.026,2.841,3.777,1.229,2.647
2022-08-12,3.911,6.039,95.041,2.814,3.795,1.201,2.613
2022-08-15,3.901,6.048,95.048,2.833,3.799,1.195,2.638
2022-08-16,3.891,6.065,95.051,2.849,3.796,1.19,2.652
2022-08-17,3.932,6.107,95.051,2.852,3.779,1.186,2.695
2022-08-18,3.895,6.083,95.059,2.866,3.761,1.2,2.693
2022-08-19,3.865,5.998,95.074,2.816,3.761,1.161,2.653
2022-08-22,3.892,6.078,95.072,2.833,3.753,1.158,2.699
2022-08-23,3.878,6.08,95.08,2.846,3.763,1.159,2.697
2022-08-24,3.801,5.895,95.091,2.74,3.787,1.119,2.6
2022-08-25,3.837,5.929,95.084,2.732,3.797,1.106,2.59
2022-08-26,3.831,5.915,95.092,2.715,3.798,1.095,2.566
2022-08-29,3.806,5.911,95.094,2.726,3.767,1.102,2.553
2022-08-30,3.797,5.902,95.104,2.712,3.783,1.098,2.538
2022-08-31,3.797,5.768,95.111,2.625,3.758,1.077,2.491
2022-09-01,3.763,5.746,95.115,2.608,3.73,1.076,2.463
2022-09-02,3.74,5.757,95.122,2.608,3.726,1.079,2.461
2022-09-05,3.738,5.788,95.128,2.635,3.765,1.074,2.467
2022-09-06,3.767,5.894,95.13,2.688,3.784,1.087,2.468
2022-09-07,3.775,5.91,95.131,2.705,3.759,1.102,2.493
2022-09-08,3.757,5.888,95.136,2.683,3.79,1.092,2.448
2022-09-09,3.815,5.926,95.141,2.691,3.785,1.083,2.476
2022-09-13,3.829,5.91,95.15,2.682,3.787,1.078,2.475
2022-09-14,3.783,5.862,95.157,2.651,3.76,1.08,2.431
2022-09-15,3.746,5.719,95.172,2.566,3.744,1.046,2.349
2022-09-16,3.656,5.567,95.189,2.512,3.728,1.045,2.297
2022-09-19,3.645,5.53,95.19,2.483,3.741,1.021,2.285
2022-09-20,3.647,5.56,95.191,2.512,3.754,1.028,2.297
2022-09-21,3.617,5.59,95.196,2.512,3.759,1.016,2.265
2022-09-22,3.588,5.581,95.196,2.517,3.753,1.021,2.252
2022-09-23,3.58,5.51,95.211,2.469,3.77,1.006,2.239
2022-09-26,3.555,5.417,95.208,2.434,3.736,1.004,2.253
2022-09-27,3.605,5.526,95.197,2.482,3.746,1.019,2.306
2022-09-28,3.549,5.387,95.211,2.407,3.751,0.999,2.249
2022-09-29,3.55,5.402,95.198,2.416,3.78,1.004,2.267
2022-09-30,3.524,5.324,95.278,2.368,3.783,0.981,2.221
2022-10-10,3.445,5.258,95.274,2.317,3.81,0.937,2.166
2022-10-11,3.442,5.293,95.284,2.323,3.802,0.932,2.192
2022-10-12,3.504,5.429,95.286,2.394,3.812,0.967,2.274
2022-10-13,3.471,5.444,95.292,2.421,3.817,0.969,2.282
2022-10-14,3.559,5.592,95.293,2.488,3.813,0.998,2.365
2022-10-17,3.558,5.619,95.297,2.503,3.792,1.005,2.362
2022-10-18,3.551,5.646,95.304,2.52,3.802,1.002,2.373
2022-10-19,3.492,5.595,95.307,2.505,3.793,0.993,2.355
2022-10-20,3.48,5.575,95.312,2.497,3.775,1.006,2.337
2022-10-21,3.458,5.575,95.321,2.492,3.771,1.012,2.321
2022-10-24,3.36,5.524,95.327,2.482,3.82,1.012,2.266
2022-10-25,3.344,5.477,95.318,2.461,3.827,1.016,2.241
2022-10-26,3.372,5.598,95.321,2.522,3.824,1.051,2.302
2022-10-27,3.346,5.58,95.329,2.507,3.817,1.048,2.265
2022-10-28,3.26,5.39,95.35,2.412,3.82,1.038,2.187
2022-10-31,3.221,5.425,95.351,2.438,3.807,1.06,2.202
2022-11-01,3.359,5.57,95.345,2.506,3.81,1.071,2.275
2022-11-02,3.393,5.613,95.36,2.531,3.817,1.084,2.305
2022-11-03,3.363,5.616,95.365,2.544,3.805,1.096,2.309
2022-11-04,3.49,5.768,95.371,2.613,3.804,1.121,2.383
2022-11-07,3.49,5.752,95.37,2.602,3.832,1.108,2.379
2022-11-08,3.467,5.758,95.378,2.601,3.839,1.098,2.363
2022-11-09,3.427,5.741,95.384,2.589,3.945,1.085,2.326
2022-11-10,3.406,5.72,95.398,2.564,3.925,1.067,2.288
2022-11-11,3.504,5.756,95.394,2.574,3.952,1.069,2.33
2022-11-14,3.506,5.746,95.386,2.556,3.913,1.071,2.302
2022-11-15,3.581,5.852,95.385,2.618,3.933,1.1,2.361
2022-11-16,3.552,5.823,95.407,2.598,3.954,1.081,2.33
2022-11-17,3.535,5.836,95.405,2.604,3.958,1.088,2.316
2022-11-18,3.522,5.824,95.415,2.582,3.952,1.076,2.315
2022-11-21,3.489,5.817,95.422,2.593,3.936,1.079,2.319
2022-11-22,3.487,5.751,95.43,2.555,3.932,1.061,2.273
2022-11-23,3.49,5.74,95.425,2.549,3.932,1.063,2.269
2022-11-24,3.472,5.741,95.435,2.552,3.947,1.06,2.264
2022-11-25,3.493,5.709,95.443,2.526,3.959,1.045,2.242
2022-11-28,3.448,5.682,95.442,2.516,3.962,1.038,2.233
2022-11-29,3.564,5.782,95.44,2.556,3.951,1.048,2.268
2022-11-30,3.567,5.768,95.458,2.553,3.944,1.041,2.265
2022-12-01,3.612,5.801,95.447,2.58,3.956,1.054,2.311
2022-12-02,3.589,5.786,95.459,2.588,3.979,1.054,2.316
2022-12-05,3.66,5.829,95.465,2.601,3.94,1.051,2.313
2022-12-06,3.683,5.826,95.474,2.598,3.898,1.049,2.319
2022-12-07,3.671,5.818,95.479,2.596,3.898,1.046,2.343
2022-12-08,3.68,5.808,95.48,2.584,3.91,1.044,2.338
2022-12-09,3.714,5.817,95.489,2.591,3.924,1.044,2.348
2022-12-12,3.672,5.794,95.492,2.581,3.921,1.048,2.333
2022-12-13,3.661,5.76,95.494,2.561,3.924,1.031,2.305
2022-12-14,3.671,5.734,95.499,2.546,3.963,1.026,2.299
2022-12-15,3.669,5.733,95.524,2.555,3.933,1.033,2.326
2022-12-16,3.673,5.71,95.537,2.532,3.915,1.02,2.298
2022-12-19,3.615,5.581,95.539,2.48,3.942,0.996,2.274
2022-12-20,3.552,5.517,95.542,2.453,3.943,0.994,2.243
2022-12-21,3.549,5.487,95.536,2.439,3.981,0.981,2.24
2022-12-22,3.557,5.424,95.537,2.4,3.981,0.971,2.235
2022-12-23,3.547,5.402,95.548,2.382,3.948,0.962,2.222
2022-12-26,3.556,5.471,95.543,2.426,3.953,0.992,2.262
2022-12-27,3.603,5.511,95.556,2.446,3.963,1.004,2.293
2022-12-28,3.59,5.495,95.56,2.429,3.966,0.998,2.267
2022-12-29,3.578,5.492,95.522,2.424,3.96,1.004,2.277
2022-12-30,3.594,5.498,95.662,2.429,3.986,1.003,2.279
2023-01-03,3.605,5.581,95.622,2.486,3.987,1.023,2.289
2023-01-04,3.61,5.579,95.625,2.486,4.002,1.016,2.267
2023-01-05,3.685,5.638,95.619,2.513,4.001,1.026,2.33
2023-01-06,3.701,5.651,95.638,2.517,3.972,1.032,2.35
2023-01-09,3.726,5.663,95.642,2.529,4.015,1.032,2.365
2023-01-10,3.732,5.678,95.658,2.533,4.013,1.032,2.401
2023-01-11,3.732,5.65,95.652,2.514,4.025,1.014,2.374
2023-01-12,3.738,5.644,95.649,2.514,4.019,1.016,2.382
2023-01-13,3.8,5.695,95.663,2.53,4.027,1.017,2.417
2023-01-16,3.863,5.754,95.654,2.558,4.05,1.035,2.462
2023-01-17,3.859,5.762,95.67,2.555,4.066,1.045,2.47
2023-01-18,3.85,5.786,95.694,2.563,4.056,1.05,2.468
2023-01-19,3.878,5.843,95.698,2.594,4.068,1.068,2.496
2023-01-20,3.901,5.888,95.745,2.619,4.101,1.073,2.507
2023-01-30,3.925,5.909,95.738,2.63,4.096,1.074,2.533
2023-01-31,3.879,5.914,95.739,2.639,4.069,1.058,2.507
2023-02-01,3.91,5.986,95.752,2.683,4.091,1.071,2.537
2023-02-02,3.9,5.996,95.786,2.687,4.125,1.075,2.524
2023-02-03,3.857,5.968,95.83,2.684,4.071,1.078,2.5
2023-02-06,3.8,5.939,95.828,2.678,4.018,1.068,2.468
2023-02-07,3.81,5.942,95.781,2.686,4.01,1.063,2.461
2023-02-08,3.793,5.896,95.786,2.667,4.01,1.054,2.447
2023-02-09,3.847,5.987,95.781,2.722,4.019,1.082,2.493
2023-02-10,3.823,5.967,95.804,2.708,3.993,1.068,2.465
2023-02-13,3.855,6.005,95.803,2.734,4.018,1.069,2.495
2023-02-14,3.864,6.022,95.809,2.74,4.015,1.065,2.49
2023-02-15,3.836,6.01,95.816,2.739,4.002,1.067,2.468
2023-02-16,3.807,5.925,95.815,2.689,4.001,1.049,2.436
2023-02-17,3.749,5.871,95.836,2.664,3.992,1.029,2.378
2023-02-20,3.854,5.969,95.834,2.696,4.01,1.042,2.403
2023-02-21,3.859,6.006,95.838,2.709,4.005,1.038,2.395
2023-02-22,3.819,6.0,95.843,2.717,4.017,1.032,2.377
2023-02-23,3.819,5.989,95.852,2.704,4.008,1.035,2.385
2023-02-24,3.78,5.975,95.867,2.694,4.021,1.033,2.357
2023-02-27,3.765,5.942,95.864,2.676,4.01,1.028,2.34
2023-02-28,3.791,5.983,95.865,2.698,4.015,1.033,2.359
2023-03-01,3.84,6.022,95.877,2.718,4.029,1.038,2.372
2023-03-02,3.835,6.015,95.886,2.705,4.026,1.032,2.347
2023-03-03,3.844,6.012,95.901,2.701,4.044,1.043,2.352
2023-03-06,3.819,6.014,95.911,2.71,4.071,1.053,2.361
2023-03-07,3.762,5.914,95.925,2.66,4.076,1.034,2.312
2023-03-08,3.746,5.924,95.921,2.668,4.033,1.038,2.308
2023-03-09,3.736,5.917,95.936,2.675,4.033,1.041,2.303
2023-03-10,3.681,5.837,95.948,2.635,4.061,1.037,2.3
2023-03-13,3.725,5.872,95.936,2.648,4.089,1.04,2.287
2023-03-14,3.7,5.821,95.939,2.623,4.142,1.055,2.276
2023-03-15,3.699,5.853,95.945,2.636,4.139,1.048,2.268
2023-03-16,3.653,5.776,95.946,2.595,4.174,1.032,2.233
2023-03-17,3.674,5.812,95.955,2.615,4.198,1.056,2.228
2023-03-20,3.652,5.793,95.964,2.604,4.327,1.068,2.226
2023-03-21,3.695,5.858,95.968,2.638,4.286,1.07,2.265
2023-03-22,3.713,5.892,95.981,2.649,4.223,1.074,2.27
2023-03-23,3.751,5.927,95.994,2.659,4.253,1.099,2.288
2023-03-24,3.746,5.935,96.004,2.661,4.275,1.104,2.297
2023-03-27,3.725,5.932,96.003,2.665,4.246,1.098,2.323
2023-03-28,3.717,5.916,96.006,2.65,4.225,1.08,2.298
2023-03-29,3.717,5.89,96.003,2.64,4.24,1.103,2.297
2023-03-30,3.76,5.923,96.001,2.642,4.248,1.108,2.313
2023-03-31,3.77,5.97,95.998,2.664,4.281,1.124,2.327
2023-04-03,3.8,6.034,96.037,2.701,4.221,1.169,2.366
2023-04-04,3.82,6.038,96.06,2.697,4.269,1.172,2.35
2023-04-06,3.808,6.037,96.079,2.706,4.33,1.193,2.354
2023-04-07,3.837,6.086,96.092,2.73,4.328,1.207,2.369
2023-04-10,3.822,6.043,96.085,2.705,4.287,1.172,2.368
2023-04-11,3.812,6.042,96.089,2.706,4.311,1.165,2.362
2023-04-12,3.808,6.064,96.099,2.721,4.341,1.173,2.353
2023-04-13,3.783,6.036,96.106,2.704,4.346,1.143,2.332
2023-04-14,3.804,6.051,96.116,2.721,4.366,1.182,2.355
2023-04-17,3.865,6.083,96.124,2.723,4.324,1.186,2.364
2023-04-18,3.872,6.07,96.145,2.712,4.305,1.172,2.354
2023-04-19,3.839,6.04,96.146,2.7,4.297,1.178,2.339
2023-04-20,3.823,6.033,96.143,2.7,4.308,1.211,2.314
2023-04-21,3.75,5.88,96.156,2.63,4.288,1.164,2.269
2023-04-24,3.699,5.838,96.155,2.608,4.277,1.142,2.234
2023-04-25,3.68,5.744,96.158,2.56,4.316,1.12,2.193
2023-04-26,3.671,5.77,96.161,2.568,4.323,1.116,2.226
2023-04-27,3.706,5.796,96.181,2.574,4.333,1.112,2.24
2023-04-28,3.745,5.888,96.202,2.614,4.298,1.133,2.255
2023-05-04,3.745,5.889,96.227,2.607,4.395,1.109,2.23
2023-05-05,3.729,5.833,96.252,2.578,4.415,1.093,2.202
2023-05-08,3.774,5.872,96.245,2.594,4.368,1.102,2.213
2023-05-09,3.739,5.815,96.246,2.562,4.377,1.078,2.18
2023-05-10,3.708,5.804,96.264,2.567,4.398,1.069,2.199
2023-05-11,3.703,5.785,96.294,2.565,4.394,1.07,2.211
2023-05-12,3.652,5.725,96.311,2.532,4.365,1.056,2.185
2023-05-15,3.715,5.793,96.297,2.55,4.382,1.067,2.234
2023-05-16,3.698,5.752,96.29,2.526,4.369,1.068,2.228
2023-05-17,3.671,5.754,96.289,2.539,4.353,1.072,2.229
2023-05-18,3.67,5.764,96.285,2.551,4.345,1.078,2.215
2023-05-19,3.664,5.769,96.294,2.562,4.33,1.084,2.215
2023-05-22,3.684,5.76,96.299,2.557,4.347,1.075,2.214
2023-05-23,3.627,5.695,96.3,2.532,4.33,1.06,2.187
2023-05-24,3.574,5.649,96.303,2.526,4.352,1.055,2.183
2023-05-25,3.565,5.631,96.308,2.521,4.335,1.065,2.184
2023-05-26,3.57,5.684,96.325,2.544,4.31,1.082,2.167
2023-05-29,3.554,5.677,96.33,2.539,4.314,1.072,2.143
2023-05-30,3.558,5.71,96.33,2.55,4.3,1.09,2.155
2023-05-31,3.522,5.703,96.34,2.551,4.365,1.097,2.131
2023-06-01,3.53,5.713,96.346,2.557,4.362,1.1,2.148
2023-06-02,3.583,5.765,96.361,2.575,4.375,1.1,2.175
2023-06-05,3.565,5.752,96.367,2.576,4.324,1.096,2.143
2023-06-06,3.528,5.638,96.376,2.52,4.357,1.067,2.106
2023-06-07,3.516,5.642,96.383,2.52,4.363,1.065,2.075
2023-06-08,3.548,5.629,96.388,2.508,4.338,1.053,2.071
2023-06-09,3.564,5.68,96.382,2.526,4.375,1.077,2.086
2023-06-12,3.568,5.698,96.4,2.538,4.378,1.071,2.095
2023-06-13,3.597,5.716,96.402,2.549,4.388,1.084,2.111
2023-06-14,3.597,5.723,96.407,2.558,4.363,1.08,2.106
2023-06-15,3.662,5.777,96.402,2.573,4.329,1.08,2.179
2023-06-16,3.699,5.82,96.414,2.596,4.359,1.098,2.208
2023-06-19,3.669,5.812,96.428,2.605,4.366,1.1,2.207
2023-06-20,3.662,5.809,96.431,2.608,4.374,1.101,2.21
2023-06-21,3.607,5.684,96.453,2.555,4.356,1.066,2.156
2023-06-26,3.563,5.583,96.457,2.508,4.354,1.057,2.133
2023-06-27,3.589,5.628,96.465,2.533,4.35,1.06,2.138
2023-06-28,3.597,5.642,96.46,2.529,4.335,1.055,2.126
2023-06-29,3.579,5.633,96.45,2.54,4.343,1.047,2.129
2023-06-30,3.602,5.706,96.489,2.581,4.349,1.052,2.164
2023-07-03,3.647,5.735,96.505,2.575,4.358,1.055,2.171
2023-07-04,3.654,5.749,96.514,2.587,4.364,1.061,2.174
2023-07-05,3.627,5.718,96.522,2.567,4.367,1.051,2.156
2023-07-06,3.599,5.683,96.547,2.558,4.365,1.048,2.137
2023-07-07,3.588,5.667,96.556,2.547,4.359,1.037,2.118
2023-07-10,3.604,5.688,96.546,2.548,4.37,1.039,2.145
2023-07-11,3.63,5.738,96.547,2.569,4.374,1.046,2.161
2023-07-12,3.611,5.677,96.549,2.531,4.371,1.03,2.139
2023-07-13,3.674,5.761,96.553,2.556,4.408,1.039,2.182
2023-07-14,3.672,5.737,96.567,2.553,4.388,1.036,2.169
2023-07-17,3.644,5.722,96.576,2.544,4.406,1.028,2.152
2023-07-18,3.638,5.713,96.593,2.542,4.422,1.025,2.147
2023-07-19,3.636,5.704,96.582,2.536,4.473,1.019,2.125
2023-07-20,3.608,5.638,96.591,2.503,4.47,1.007,2.103
2023-07-21,3.61,5.641,96.599,2.5,4.453,1.0,2.11
2023-07-24,3.593,5.631,96.604,2.494,4.442,0.995,2.09
2023-07-25,3.705,5.729,96.604,2.535,4.42,1.009,2.136
2023-07-26,3.696,5.718,96.609,2.523,4.439,1.006,2.135
2023-07-27,3.692,5.676,96.62,2.503,4.448,0.997,2.129
2023-07-28,3.788,5.768,96.61,2.525,4.404,1.007,2.163
2023-07-31,3.804,5.807,96.619,2.542,4.409,1.015,2.182
2023-08-01,3.786,5.812,96.639,2.538,4.426,1.014,2.168
2023-08-02,3.757,5.79,96.65,2.533,4.425,1.012,2.164
2023-08-03,3.793,5.811,96.67,2.535,4.406,1.015,2.187
2023-08-04,3.814,5.852,96.684,2.55,4.401,1.021,2.204
2023-08-07,3.783,5.811,96.677,2.538,4.41,1.014,2.185
2023-08-08,3.768,5.79,96.682,2.527,4.414,1.01,2.177
2023-08-09,3.76,5.748,96.682,2.507,4.411,1.001,2.174
2023-08-10,3.765,5.746,96.688,2.505,4.396,1.003,2.184
2023-08-11,3.67,5.625,96.703,2.458,4.415,0.983,2.129
2023-08-14,3.643,5.632,96.713,2.464,4.421,0.974,2.113
2023-08-15,3.639,5.599,96.725,2.445,4.431,0.96,2.096
2023-08-16,3.609,5.556,96.738,2.413,4.433,0.944,2.082
2023-08-17,3.622,5.592,96.714,2.434,4.429,0.954,2.094
2023-08-18,3.572,5.499,96.731,2.385,4.421,0.95,2.065
2023-08-21,3.52,5.422,96.744,2.358,4.438,0.936,2.035
2023-08-22,3.543,5.449,96.734,2.373,4.431,0.946,2.038
2023-08-23,3.488,5.349,96.741,2.327,4.452,0.922,1.987
2023-08-24,3.511,5.365,96.747,2.329,4.464,0.929,2.014
2023-08-25,3.504,5.297,96.752,2.29,4.448,0.912,1.991
2023-08-28,3.557,5.36,96.754,2.305,4.45,0.922,2.01
2023-08-29,3.579,5.485,96.755,2.377,4.462,0.97,2.067
2023-08-30,3.578,5.486,96.764,2.389,4.477,0.988,2.066
2023-08-31,3.559,5.457,96.774,2.382,4.494,0.987,2.052
2023-09-01,3.582,5.463,96.816,2.38,4.489,0.98,2.049
2023-09-04,3.64,5.547,96.809,2.417,4.506,0.989,2.067
2023-09-05,3.613,5.504,96.801,2.403,4.508,0.975,2.057
2023-09-06,3.603,5.502,96.803,2.412,4.505,0.979,2.049
2023-09-07,3.55,5.42,96.811,2.37,4.504,0.942,2.003
2023-09-08,3.529,5.418,96.819,2.375,4.536,0.944,1.998
2023-09-11,3.557,5.485,96.822,2.411,4.545,0.951,2.011
2023-09-12,3.552,5.487,96.824,2.409,4.546,0.945,1.998
2023-09-13,3.527,5.428,96.832,2.377,4.557,0.932,1.974
2023-09-14,3.524,5.423,96.83,2.368,4.592,0.925,1.96
2023-09-15,3.507,5.424,96.841,2.369,4.548,0.929,1.954
2023-09-18,3.52,5.436,96.845,2.371,4.524,0.923,1.968
2023-09-19,3.515,5.411,96.848,2.353,4.559,0.917,1.952
2023-09-20,3.497,5.37,96.852,2.331,4.594,0.908,1.936
2023-09-21,3.462,5.324,96.851,2.313,4.58,0.904,1.917
2023-09-22,3.537,5.422,96.856,2.361,4.561,0.927,1.964
2023-09-25,3.509,5.389,96.877,2.348,4.581,0.919,1.953
2023-09-26,3.488,5.37,96.878,2.338,4.578,0.92,1.938
2023-09-27,3.498,5.395,96.887,2.353,4.511,0.925,1.956
2023-09-28,3.484,5.403,96.956,2.371,4.436,0.932,1.953
2023-10-09,3.474,5.371,96.977,2.361,4.405,0.93,1.947
2023-10-10,3.447,5.343,96.996,2.353,4.348,0.924,1.938
2023-10-11,3.455,5.338,96.982,2.358,4.355,0.937,1.954
2023-10-12,3.491,5.381,96.983,2.376,4.39,0.943,1.968
2023-10-13,3.456,5.351,97.001,2.371,4.405,0.934,1.945
2023-10-16,3.413,5.294,97.001,2.344,4.46,0.916,1.906
2023-10-17,3.425,5.305,97.007,2.34,4.48,0.924,1.912
2023-10-18,3.397,5.237,97.028,2.3,4.523,0.913,1.887
2023-10-19,3.32,5.172,97.039,2.275,4.547,0.911,1.867
2023-10-20,3.302,5.134,97.036,2.249,4.597,0.904,1.85
2023-10-23,3.264,4.987,97.039,2.19,4.572,0.883,1.815
2023-10-24,3.269,5.051,97.039,2.219,4.575,0.893,1.832
2023-10-25,3.289,5.078,97.027,2.245,4.557,0.891,1.815
2023-10-26,3.302,5.102,97.026,2.261,4.59,0.892,1.829
2023-10-27,3.356,5.206,97.04,2.305,4.599,0.906,1.881
2023-10-30,3.372,5.251,97.048,2.336,4.609,0.92,1.926
2023-10-31,3.364,5.238,97.057,2.323,4.62,0.917,1.916
2023-11-01,3.362,5.226,97.082,2.32,4.603,0.913,1.908
2023-11-02,3.345,5.175,97.093,2.294,4.613,0.903,1.89
2023-11-03,3.373,5.216,97.084,2.324,4.61,0.918,1.918
2023-11-06,3.421,5.311,97.08,2.373,4.587,0.934,1.981
2023-11-07,3.41,5.32,97.096,2.381,4.569,0.935,1.967
2023-11-08,3.399,5.316,97.098,2.391,4.551,0.943,1.971
2023-11-09,3.402,5.304,97.103,2.375,4.521,0.937,1.967
2023-11-10,3.375,5.284,97.117,2.371,4.554,0.931,1.955
2023-11-13,3.37,5.315,97.121,2.396,4.538,0.937,1.958
2023-11-14,3.37,5.339,97.124,2.409,4.558,0.946,1.953
2023-11-15,3.395,5.376,97.124,2.419,4.577,0.942,1.963
2023-11-16,3.359,5.318,97.144,2.393,4.559,0.928,1.925
2023-11-17,3.354,5.337,97.152,2.42,4.572,0.932,1.934
2023-11-20,3.365,5.369,97.169,2.437,4.522,0.934,1.942
2023-11-21,3.37,5.352,97.168,2.419,4.516,0.927,1.931
2023-11-22,3.331,5.279,97.173,2.392,4.499,0.913,1.899
2023-11-23,3.35,5.33,97.178,2.416,4.495,0.918,1.911
2023-11-24,3.325,5.284,97.202,2.381,4.499,0.906,1.888
2023-11-27,3.301,5.27,97.194,2.382,4.546,0.909,1.878
2023-11-28,3.305,5.296,97.193,2.391,4.56,0.913,1.89
2023-11-29,3.278,5.267,97.193,2.384,4.591,0.906,1.867
2023-11-30,3.282,5.248,97.201,2.368,4.589,0.907,1.874
2023-12-01,3.268,5.275,97.231,2.391,4.589,0.91,1.881
2023-12-04,3.244,5.263,97.234,2.38,4.643,0.906,1.858
2023-12-05,3.178,5.176,97.237,2.336,4.58,0.89,1.823
2023-12-06,3.183,5.188,97.238,2.346,4.578,0.892,1.834
2023-12-07,3.174,5.193,97.248,2.344,4.584,0.891,1.829
2023-12-08,3.181,5.205,97.233,2.339,4.591,0.91,1.843
2023-12-11,3.205,5.267,97.255,2.364,4.557,0.923,1.868
2023-12-12,3.213,5.277,97.273,2.37,4.539,0.917,1.856
2023-12-13,3.155,5.218,97.286,2.347,4.529,0.907,1.822
2023-12-14,3.139,5.199,97.287,2.339,4.598,0.902,1.812
2023-12-15,3.132,5.155,97.294,2.322,4.59,0.895,1.802
2023-12-18,3.118,5.094,97.295,2.284,4.576,0.886,1.773
2023-12-19,3.12,5.085,97.298,2.286,4.589,0.892,1.781
2023-12-20,3.089,5.023,97.306,2.244,4.604,0.881,1.755
2023-12-21,3.12,5.037,97.302,2.256,4.605,0.893,1.787
2023-12-22,3.126,5.021,97.321,2.236,4.627,0.888,1.78
2023-12-25,3.135,5.014,97.333,2.232,4.634,0.883,1.783
2023-12-26,3.115,4.967,97.332,2.202,4.647,0.868,1.761
2023-12-27,3.125,4.983,97.335,2.215,4.66,0.873,1.763
2023-12-28,3.209,5.086,97.319,2.262,4.662,0.894,1.833
2023-12-29,3.219,5.13,97.376,2.296,4.648,0.897,1.842
2024-01-02,3.173,5.108,97.404,2.276,4.666,0.886,1.806
2024-01-03,3.163,5.101,97.406,2.265,4.663,0.874,1.787
2024-01-04,3.133,5.057,97.413,2.251,4.651,0.866,1.754
2024-01-05,3.116,4.987,97.431,2.214,4.664,0.849,1.728
2024-01-08,3.069,4.861,97.431,2.155,4.65,0.824,1.699
2024-01-09,3.077,4.873,97.435,2.155,4.649,0.824,1.706
2024-01-10,3.061,4.86,97.443,2.14,4.631,0.818,1.698
2024-01-11,3.08,4.923,97.441,2.184,4.631,0.829,1.732
2024-01-12,3.069,4.903,97.463,2.165,4.646,0.818,1.714
2024-01-15,3.065,4.89,97.472,2.158,4.673,0.813,1.698
2024-01-16,3.087,4.885,97.471,2.152,4.677,0.817,1.708
2024-01-17,3.012,4.752,97.475,2.09,4.631,0.795,1.656
2024-01-18,3.057,4.757,97.484,2.084,4.616,0.806,1.683
2024-01-19,3.064,4.717,97.501,2.057,4.643,0.803,1.669
2024-01-22,2.995,4.481,97.517,1.94,4.625,0.776,1.623
2024-01-23,3.017,4.559,97.509,1.966,4.632,0.786,1.642
2024-01-24,3.068,4.629,97.509,1.998,4.626,0.788,1.65
2024-01-25,3.124,4.777,97.498,2.069,4.605,0.804,1.675
2024-01-26,3.118,4.72,97.526,2.042,4.625,0.785,1.637
2024-01-29,3.088,4.624,97.534,1.984,4.634,0.764,1.58
2024-01-30,3.032,4.522,97.547,1.927,4.647,0.735,1.544
2024-01-31,3.011,4.394,97.553,1.853,4.653,0.722,1.533
2024-02-01,3.007,4.376,97.561,1.836,4.668,0.726,1.548
2024-02-02,2.977,4.248,97.573,1.771,4.679,0.707,1.508
2024-02-05,2.997,4.146,97.58,1.659,4.643,0.709,1.527
2024-02-06,3.1,4.524,97.572,1.777,4.633,0.757,1.623
2024-02-07,3.129,4.836,97.59,1.86,4.642,0.777,1.66
2024-02-08,3.151,4.86,97.686,1.939,4.662,0.786,1.681
2024-02-19,3.178,4.826,97.639,1.942,4.644,0.798,1.697
2024-02-20,3.19,4.826,97.646,1.947,4.642,0.79,1.696
2024-02-21,3.238,4.823,97.643,1.957,4.642,0.791,1.703
2024-02-22,3.264,4.868,97.646,1.992,4.639,0.799,1.71
2024-02-23,3.267,4.892,97.662,2.027,4.63,0.801,1.709
2024-02-26,3.232,4.882,97.669,2.031,4.651,0.806,1.704
2024-02-27,3.273,5.009,97.671,2.095,4.646,0.836,1.746
2024-02-28,3.237,4.87,97.67,1.99,4.645,0.808,1.701
2024-02-29,3.292,5.042,97.667,2.073,4.647,0.847,1.761
2024-03-01,3.319,5.078,97.695,2.097,4.667,0.855,1.775
2024-03-04,3.316,5.076,97.706,2.101,4.725,0.856,1.783
2024-03-05,3.345,5.049,97.715,2.085,4.789,0.857,1.78
2024-03-06,3.331,5.044,97.722,2.083,4.824,0.85,1.782
2024-03-07,3.312,4.974,97.725,2.051,4.885,0.832,1.742
2024-03-08,3.322,5.045,97.735,2.079,4.881,0.841,1.756
2024-03-11,3.37,5.147,97.737,2.122,4.899,0.857,1.84
2024-03-12,3.375,5.116,97.742,2.132,4.879,0.856,1.851
2024-03-13,3.354,5.108,97.747,2.139,4.87,0.853,1.841
2024-03-14,3.341,5.085,97.756,2.126,4.877,0.842,1.832
2024-03-15,3.35,5.16,97.771,2.16,4.899,0.847,1.833
2024-03-18,3.381,5.231,97.776,2.197,4.86,0.864,1.875
2024-03-19,3.358,5.172,97.779,2.175,4.87,0.852,1.853
2024-03-20,3.361,5.186,97.785,2.195,4.88,0.854,1.856
2024-03-21,3.359,5.159,97.791,2.194,4.978,0.846,1.846
2024-03-22,3.328,5.076,97.807,2.168,4.946,0.832,1.817
2024-03-25,3.309,4.995,97.825,2.118,4.956,0.82,1.781
2024-03-26,3.32,4.971,97.822,2.108,4.966,0.81,1.792
2024-03-27,3.282,4.847,97.813,2.037,4.99,0.789,1.742
2024-03-28,3.299,4.914,97.806,2.086,5.029,0.799,1.758
2024-03-29,3.315,4.982,97.861,2.109,5.126,0.8,1.768
2024-04-01,3.373,5.095,97.852,2.155,5.155,0.813,1.822
2024-04-02,3.361,5.073,97.883,2.143,5.159,0.806,1.808
2024-04-03,3.347,5.07,97.913,2.136,5.231,0.794,1.79
2024-04-08,3.318,4.99,97.926,2.09,5.354,0.778,1.758
2024-04-09,3.312,5.035,97.915,2.118,5.369,0.785,1.777
2024-04-10,3.286,4.972,97.915,2.079,5.388,0.773,1.739
2024-04-11,3.283,4.997,97.895,2.084,5.348,0.774,1.731
2024-04-12,3.255,4.968,97.911,2.066,5.504,0.773,1.713
2024-04-15,3.328,5.039,97.911,2.047,5.417,0.785,1.746
2024-04-16,3.296,4.891,97.919,1.956,5.452,0.768,1.713
2024-04-17,3.342,5.032,97.917,2.048,5.461,0.785,1.747
2024-04-18,3.348,5.042,97.925,2.045,5.445,0.781,1.738
2024-04-19,3.32,5.005,97.937,2.035,5.471,0.765,1.705
2024-04-22,3.313,4.96,97.941,2.031,5.364,0.766,1.703
2024-04-23,3.288,4.898,97.947,2.017,5.232,0.763,1.705
2024-04-24,3.302,4.96,97.947,2.056,5.287,0.773,1.719
2024-04-25,3.312,4.952,97.955,2.055,5.288,0.768,1.716
2024-04-26,3.362,5.072,97.955,2.099,5.329,0.787,1.774
2024-04-29,3.405,5.178,97.965,2.152,5.294,0.812,1.837
2024-04-30,3.387,5.14,97.998,2.129,5.286,0.804,1.816
2024-05-06,3.437,5.225,97.999,2.17,5.254,0.813,1.853
2024-05-07,3.439,5.224,98.008,2.179,5.268,0.806,1.85
2024-05-08,3.41,5.153,98.014,2.143,5.261,0.797,1.821
2024-05-09,3.445,5.254,98.011,2.182,5.25,0.815,1.856
2024-05-10,3.447,5.234,98.032,2.162,5.369,0.804,1.84
2024-05-13,3.444,5.205,98.031,2.141,5.337,0.798,1.817
2024-05-14,3.438,5.199,98.036,2.151,5.329,0.796,1.813
2024-05-15,3.412,5.15,98.04,2.131,5.37,0.784,1.797
2024-05-16,3.424,5.124,98.042,2.126,5.417,0.781,1.801
2024-05-17,3.465,5.202,98.051,2.162,5.416,0.79,1.824
2024-05-20,3.473,5.222,98.06,2.17,5.55,0.789,1.831
2024-05-21,3.461,5.182,98.063,2.147,5.481,0.783,1.818
2024-05-22,3.469,5.176,98.069,2.15,5.492,0.789,1.839
2024-05-23,3.432,5.081,98.089,2.102,5.366,0.777,1.811
2024-05-24,3.391,5.029,98.111,2.076,5.319,0.761,1.781
2024-05-27,3.421,5.081,98.103,2.101,5.338,0.772,1.792
2024-05-28,3.398,5.034,98.1,2.076,5.334,0.769,1.769
2024-05-29,3.399,5.045,98.093,2.075,5.37,0.769,1.772
2024-05-30,3.385,5.034,98.109,2.074,5.317,0.777,1.777
2024-05-31,3.371,5.033,98.111,2.08,5.343,0.778,1.772
2024-06-03,3.376,4.992,98.124,2.051,5.296,0.785,1.782
2024-06-04,3.401,5.063,98.123,2.065,5.346,0.789,1.806
2024-06-05,3.388,5.005,98.131,2.039,5.324,0.788,1.796
2024-06-06,3.388,4.967,98.139,1.995,5.398,0.779,1.785
2024-06-07,3.365,4.942,98.154,2.003,5.399,0.775,1.748
2024-06-11,3.34,4.954,98.154,2.022,5.237,0.794,1.752
2024-06-12,3.336,4.969,98.156,2.028,5.267,0.793,1.743
2024-06-13,3.323,4.942,98.158,2.015,5.269,0.796,1.742
2024-06-14,3.343,4.967,98.163,2.021,5.271,0.791,1.756
2024-06-17,3.333,4.949,98.175,2.018,5.279,0.794,1.768
2024-06-18,3.344,4.976,98.179,2.037,5.284,0.794,1.776
2024-06-19,3.334,4.922,98.184,2.009,5.305,0.787,1.753
2024-06-20,3.311,4.844,98.189,1.971,5.351,0.791,1.728
2024-06-21,3.305,4.853,98.199,1.968,5.376,0.795,1.723
2024-06-24,3.288,4.745,98.206,1.902,5.29,0.774,1.696
2024-06-25,3.267,4.701,98.206,1.886,5.302,0.751,1.666
2024-06-26,3.288,4.77,98.209,1.944,5.271,0.764,1.699
2024-06-27,3.269,4.686,98.218,1.895,5.242,0.75,1.67
2024-06-28,3.276,4.694,98.226,1.905,5.297,0.745,1.652
2024-07-01,3.29,4.753,98.24,1.923,5.299,0.743,1.65
2024-07-02,3.285,4.707,98.252,1.909,5.306,0.732,1.633
2024-07-03,3.279,4.664,98.247,1.893,5.34,0.734,1.629
2024-07-04,3.264,4.593,98.256,1.854,5.365,0.723,1.616
2024-07-05,3.247,4.628,98.262,1.873,5.381,0.731,1.623
2024-07-08,3.223,4.546,98.265,1.827,5.384,0.724,1.596
2024-07-09,3.26,4.634,98.26,1.868,5.362,0.742,1.62
2024-07-10,3.252,4.606,98.266,1.859,5.397,0.743,1.618
2024-07-11,3.298,4.705,98.267,1.908,5.417,0.751,1.654
2024-07-12,3.308,4.683,98.279,1.9,5.446,0.752,1.653
2024-07-15,3.315,4.647,98.289,1.879,5.442,0.748,1.64
2024-07-16,3.34,4.664,98.288,1.884,5.505,0.764,1.664
2024-07-17,3.345,4.629,98.292,1.871,5.576,0.762,1.663
2024-07-18,3.366,4.652,98.293,1.876,5.573,0.769,1.686
2024-07-19,3.389,4.644,98.31,1.877,5.425,0.784,1.692
2024-07-22,3.36,4.632,98.306,1.88,5.421,0.787,1.693
2024-07-23,3.29,4.492,98.312,1.826,5.394,0.756,1.64
2024-07-24,3.268,4.435,98.315,1.8,5.465,0.746,1.619
2024-07-25,3.248,4.429,98.317,1.802,5.327,0.748,1.614
2024-07-26,3.263,4.504,98.328,1.832,5.35,0.753,1.627
2024-07-29,3.243,4.474,98.333,1.823,5.387,0.74,1.604
2024-07-30,3.22,4.47,98.337,1.831,5.394,0.743,1.601
2024-07-31,3.297,4.673,98.331,1.915,5.436,0.778,1.658
2024-08-01,3.272,4.628,98.346,1.902,5.48,0.774,1.636
2024-08-02,3.236,4.562,98.362,1.875,5.505,0.762,1.609
2024-08-05,3.197,4.468,98.372,1.823,5.366,0.738,1.576
2024-08-06,3.197,4.519,98.372,1.849,5.327,0.748,1.597
2024-08-07,3.19,4.521,98.377,1.847,5.352,0.742,1.589
2024-08-08,3.194,4.531,98.372,1.849,5.349,0.745,1.582
2024-08-09,3.182,4.49,98.388,1.83,5.396,0.742,1.566
2024-08-12,3.178,4.492,98.392,1.823,5.437,0.742,1.563
2024-08-13,3.183,4.502,98.394,1.828,5.474,0.746,1.578
2024-08-14,3.159,4.435,98.396,1.809,5.456,0.736,1.555
2024-08-15,3.197,4.472,98.399,1.826,5.443,0.743,1.565
2024-08-16,3.199,4.444,98.414,1.811,5.453,0.74,1.561
2024-08-19,3.208,4.452,98.415,1.815,5.513,0.739,1.559
2024-08-20,3.192,4.37,98.422,1.782,5.513,0.728,1.539
2024-08-21,3.177,4.361,98.42,1.772,5.537,0.726,1.529
2024-08-22,3.168,4.305,98.433,1.749,5.523,0.719,1.516
2024-08-23,3.182,4.306,98.437,1.75,5.504,0.72,1.517
2024-08-26,3.183,4.311,98.439,1.757,5.538,0.715,1.515
2024-08-27,3.166,4.265,98.443,1.737,5.534,0.708,1.5
2024-08-28,3.146,4.266,98.447,1.739,5.528,0.704,1.501
2024-08-29,3.136,4.33,98.444,1.769,5.535,0.713,1.513
2024-08-30,3.181,4.41,98.452,1.804,5.522,0.728,1.552
2024-09-02,3.121,4.315,98.482,1.764,5.491,0.703,1.507
2024-09-03,3.133,4.364,98.475,1.78,5.501,0.708,1.525
2024-09-04,3.112,4.352,98.48,1.773,5.463,0.705,1.525
2024-09-05,3.119,4.373,98.487,1.788,5.502,0.705,1.536
2024-09-06,3.091,4.309,98.499,1.757,5.517,0.696,1.508
2024-09-09,3.05,4.276,98.492,1.742,5.477,0.687,1.513
2024-09-10,3.05,4.274,98.494,1.748,5.513,0.692,1.512
2024-09-11,3.043,4.286,98.497,1.747,5.542,0.695,1.528
2024-09-12,3.032,4.268,98.496,1.741,5.531,0.69,1.525
2024-09-13,3.017,4.22,98.521,1.719,5.611,0.683,1.509
2024-09-18,3.027,4.235,98.514,1.711,5.609,0.678,1.504
2024-09-19,3.054,4.298,98.515,1.746,5.6,0.683,1.519
2024-09-20,3.063,4.266,98.541,1.736,5.663,0.678,1.508
2024-09-23,3.072,4.265,98.542,1.738,5.711,0.674,1.501
2024-09-24,3.216,4.477,98.528,1.814,5.697,0.699,1.587
2024-09-25,3.263,4.511,98.548,1.827,5.74,0.7,1.61
2024-09-26,3.429,4.759,98.539,1.916,5.751,0.728,1.686
2024-09-27,3.658,5.191,98.608,2.094,5.708,0.792,1.86
2024-09-30,4.022,5.693,98.587,2.311,5.707,0.95,2.232
2024-10-08,4.201,5.944,98.593,2.451,5.714,1.14,2.678
2024-10-09,3.811,5.561,98.611,2.246,5.64,1.096,2.242
2024-10-10,3.875,5.487,98.671,2.217,5.676,1.026,2.174
2024-10-11,3.766,5.254,98.765,2.125,5.739,0.951,2.06
2024-10-14,3.829,5.391,98.781,2.205,5.799,0.974,2.116
2024-10-15,3.72,5.249,98.672,2.158,5.799,0.946,2.045
2024-10-16,3.695,5.244,98.629,2.166,5.884,0.923,2.0
2024-10-17,3.652,5.2,98.634,2.157,5.905,0.926,1.995
2024-10-18,3.805,5.435,98.585,2.259,5.945,1.041,2.156
2024-10-21,3.805,5.491,98.641,2.301,6.02,1.05,2.167
2024-10-22,3.829,5.544,98.648,2.314,6.018,1.037,2.175
2024-10-23,3.844,5.567,98.65,2.32,6.056,1.032,2.162
2024-10-24,3.8,5.516,98.666,2.304,5.995,1.029,2.132
2024-10-25,3.829,5.605,98.665,2.359,5.998,1.045,2.196
2024-10-28,3.835,5.673,98.671,2.392,6.017,1.039,2.188
2024-10-29,3.802,5.614,98.672,2.355,6.068,1.028,2.135
2024-10-30,3.76,5.632,98.678,2.369,6.14,1.008,2.111
2024-10-31,3.76,5.698,98.687,2.405,6.103,1.02,2.122
2024-11-01,3.768,5.644,98.703,2.333,6.051,0.99,2.084
2024-11-04,3.821,5.731,98.706,2.388,6.006,1.004,2.145
2024-11-05,3.926,5.914,98.699,2.471,6.006,1.05,2.249
2024-11-06,3.9,5.921,98.712,2.479,5.994,1.053,2.223
2024-11-07,4.037,6.041,98.7,2.527,5.86,1.087,2.306
2024-11-08,3.983,6.024,98.723,2.529,5.898,1.081,2.282
2024-11-11,4.004,6.13,98.726,2.59,5.905,1.13,2.349
2024-11-12,3.958,6.07,98.734,2.563,5.807,1.105,2.345
2024-11-13,3.984,6.051,98.733,2.548,5.796,1.116,2.372
2024-11-14,3.913,5.879,98.737,2.471,5.68,1.08,2.288
2024-11-15,3.844,5.719,98.741,2.411,5.683,1.04,2.204
2024-11-18,3.827,5.629,98.744,2.352,5.758,1.02,2.149
2024-11-19,3.847,5.722,98.746,2.413,5.858,1.052,2.215
2024-11-20,3.857,5.783,98.758,2.459,5.857,1.055,2.223
2024-11-21,3.862,5.778,98.763,2.465,5.933,1.064,2.223
2024-11-22,3.742,5.538,98.783,2.369,6.01,1.022,2.136
2024-11-25,3.72,5.523,98.773,2.38,5.916,1.008,2.132
2024-11-26,3.712,5.483,98.778,2.348,5.844,1.002,2.109
2024-11-27,3.776,5.594,98.775,2.408,5.899,1.038,2.165
2024-11-28,3.747,5.556,98.788,2.394,5.869,1.034,2.128
2024-11-29,3.79,5.642,98.789,2.435,5.923,1.06,2.179
2024-12-02,3.82,5.734,98.801,2.486,5.872,1.068,2.211
2024-12-03,3.824,5.724,98.806,2.479,5.931,1.057,2.198
2024-12-04,3.803,5.679,98.818,2.445,5.929,1.05,2.17
2024-12-05,3.796,5.696,98.816,2.474,5.927,1.053,2.177
2024-12-06,3.846,5.774,98.817,2.502,5.903,1.067,2.224
2024-12-09,3.843,5.741,98.824,2.479,5.936,1.054,2.206
2024-12-10,3.874,5.793,98.821,2.506,5.961,1.063,2.221
2024-12-11,3.864,5.839,98.826,2.539,6.011,1.059,2.218
2024-12-12,3.906,5.895,98.836,2.559,6.052,1.063,2.248
2024-12-13,3.809,5.797,98.852,2.507,6.001,1.042,2.193
2024-12-16,3.785,5.703,98.856,2.474,5.947,1.025,2.158
2024-12-17,3.796,5.639,98.857,2.419,5.94,1.019,2.159
2024-12-18,3.813,5.677,98.858,2.439,5.932,1.033,2.158
2024-12-19,3.819,5.695,98.859,2.446,5.885,1.045,2.171
2024-12-20,3.807,5.707,98.869,2.471,5.892,1.065,2.169
2024-12-23,3.811,5.613,98.871,2.399,5.951,1.052,2.147
2024-12-24,3.858,5.68,98.871,2.426,5.921,1.069,2.17
2024-12-25,3.861,5.63,98.878,2.401,5.936,1.072,2.156
2024-12-26,3.862,5.675,98.879,2.425,5.94,1.081,2.166
2024-12-27,3.856,5.689,98.895,2.429,5.945,1.074,2.163
2024-12-30,3.875,5.687,98.906,2.422,5.923,1.077,2.165
2024-12-31,3.811,5.509,98.938,2.342,5.928,1.045,2.102
2025-01-02,3.698,5.335,98.916,2.277,5.977,1.009,2.019
2025-01-03,3.658,5.221,98.924,2.212,6.029,0.993,1.978
2025-01-06,3.642,5.208,98.926,2.199,5.99,0.989,1.976
2025-01-07,3.669,5.266,98.934,2.232,6.0,1.018,1.99
2025-01-08,3.663,5.243,98.967,2.221,6.03,1.017,1.968
2025-01-09,3.655,5.239,98.955,2.226,6.065,1.015,1.971
2025-01-10,3.612,5.157,98.964,2.177,6.105,1.005,1.938
2025-01-13,3.597,5.166,98.948,2.182,6.12,1.005,1.942
2025-01-14,3.695,5.353,98.94,2.286,6.068,1.037,2.036
2025-01-15,3.672,5.308,98.959,2.268,6.102,1.032,1.999
2025-01-16,3.674,5.326,98.95,2.278,6.122,1.011,2.01
2025-01-17,3.687,5.37,98.958,2.295,6.139,1.02,2.026
2025-01-20,3.706,5.397,98.952,2.308,6.127,1.022,2.062
2025-01-21,3.711,5.417,98.965,2.323,6.127,1.031,2.07
2025-01-22,3.675,5.396,98.974,2.304,6.181,1.029,2.059
2025-01-23,3.686,5.373,98.968,2.292,6.187,1.021,2.052
2025-01-24,3.718,5.441,98.97,2.339,6.218,1.029,2.084
2025-01-27,3.696,5.374,99.035,2.295,6.202,1.009,2.028
2025-02-05,3.676,5.397,99.045,2.311,6.439,1.037,2.024
2025-02-06,3.721,5.529,99.036,2.374,6.402,1.067,2.08
2025-02-07,3.777,5.62,99.04,2.414,6.42,1.076,2.131
2025-02-10,3.781,5.671,99.041,2.442,6.518,1.094,2.142
2025-02-11,3.765,5.648,99.05,2.437,6.584,1.08,2.113
2025-02-12,3.803,5.725,99.048,2.474,6.538,1.099,2.15
2025-02-13,3.793,5.696,99.055,2.45,6.57,1.073,2.135
2025-02-14,3.823,5.742,99.074,2.459,6.605,1.078,2.174
2025-02-17,3.83,5.733,99.08,2.47,6.494,1.093,2.182
2025-02-18,3.801,5.633,99.069,2.42,6.555,1.066,2.14
2025-02-19,3.822,5.726,99.068,2.475,6.598,1.092,2.185
2025-02-20,3.81,5.741,99.08,2.492,6.619,1.091,2.184
2025-02-21,3.864,5.843,99.077,2.54,6.568,1.157,2.239
2025-02-24,3.851,5.825,99.09,2.544,6.581,1.161,2.221
2025-02-25,3.81,5.762,99.095,2.533,6.582,1.162,2.197
2025-02-26,3.843,5.834,99.094,2.573,6.519,1.186,2.223
2025-02-27,3.856,5.818,99.103,2.559,6.492,1.185,2.212
2025-02-28,3.783,5.656,99.112,2.47,6.444,1.133,2.128
2025-03-03,3.77,5.666,99.121,2.467,6.451,1.119,2.154
2025-03-04,3.766,5.718,99.126,2.5,6.499,1.139,2.149
2025-03-05,3.783,5.733,99.136,2.517,6.547,1.142,2.149
2025-03-06,3.838,5.828,99.127,2.573,6.535,1.181,2.191
2025-03-07,3.828,5.802,99.136,2.562,6.526,1.167,2.16
2025-03-10,3.812,5.795,99.143,2.565,6.544,1.163,2.159
2025-03-11,3.824,5.825,99.15,2.583,6.505,1.158,2.159
2025-03-12,3.814,5.829,99.153,2.587,6.526,1.15,2.149
2025-03-13,3.794,5.778,99.169,2.547,6.575,1.126,2.125
2025-03-14,3.895,5.887,99.157,2.59,6.673,1.146,2.186
2025-03-17,3.883,5.889,99.159,2.593,6.677,1.14,2.173
2025-03-18,3.892,5.915,99.151,2.604,6.727,1.146,2.185
2025-03-19,3.898,5.891,99.166,2.586,6.8,1.131,2.178
2025-03-20,3.865,5.849,99.185,2.575,6.807,1.119,2.158
2025-03-21,3.799,5.757,99.217,2.521,6.774,1.095,2.112
2025-03-24,3.816,5.75,99.225,2.501,6.78,1.101,2.112
2025-03-25,3.818,5.73,99.238,2.484,6.774,1.083,2.105
2025-03-26,3.802,5.73,99.223,2.492,6.795,1.081,2.098
2025-03-27,3.816,5.745,99.21,2.492,6.812,1.092,2.103
2025-03-28,3.797,5.698,99.208,2.466,6.938,1.081,2.089
2025-03-31,3.773,5.643,99.215,2.451,7.012,1.074,2.064
2025-04-01,3.771,5.675,99.236,2.462,7.056,1.076,2.062
2025-04-02,3.768,5.682,99.244,2.47,7.029,1.074,2.064
2025-04-03,3.748,5.631,99.249,2.441,7.094,1.068,2.027
2025-04-07,3.484,5.069,99.24,2.193,6.877,0.97,1.775
2025-04-08,3.519,5.102,99.248,2.178,6.925,0.986,1.804
2025-04-09,3.555,5.217,99.253,2.217,7.012,1.028,1.823
2025-04-10,3.618,5.324,99.256,2.272,7.164,1.042,1.863
2025-04-11,3.629,5.362,99.263,2.302,7.273,1.061,1.892
2025-04-14,3.637,5.406,99.27,2.333,7.327,1.064,1.895
2025-04-15,3.64,5.383,99.279,2.324,7.325,1.054,1.893
2025-04-16,3.649,5.334,99.284,2.294,7.503,1.061,1.87
2025-04-17,3.652,5.337,99.28,2.295,7.565,1.066,1.873
2025-04-18,3.662,5.339,99.287,2.291,7.583,1.059,1.878
2025-04-21,3.664,5.421,99.284,2.339,7.724,1.07,1.908
2025-04-22,3.667,5.406,99.289,2.339,7.982,1.066,1.899
2025-04-23,3.671,5.417,99.289,2.353,7.5,1.063,1.919
2025-04-24,3.671,5.394,99.296,2.33,7.582,1.052,1.907
2025-04-25,3.671,5.41,99.302,2.335,7.53,1.054,1.92
2025-04-28,3.665,5.384,99.3,2.31,7.465,1.051,1.906
2025-04-29,3.658,5.387,99.302,2.322,7.517,1.053,1.903
2025-04-30,3.655,5.415,99.327,2.34,7.471,1.062,1.921
2025-05-06,3.692,5.522,99.327,2.401,7.612,1.078,1.958
2025-05-07,3.716,5.532,99.33,2.403,7.671,1.081,1.967
2025-05-08,3.739,5.556,99.335,2.425,7.557,1.077,2.001
2025-05-09,3.734,5.509,99.347,2.396,7.531,1.056,1.984
2025-05-12,3.779,5.581,99.348,2.43,7.376,1.063,2.037
2025-05-13,3.783,5.567,99.354,2.421,7.332,1.06,2.03
2025-05-14,3.834,5.587,99.356,2.427,7.277,1.065,2.054
2025-05-15,3.8,5.51,99.369,2.387,7.062,1.05,2.012
2025-05-16,3.778,5.5,99.373,2.391,7.177,1.044,2.008
2025-05-19,3.772,5.514,99.381,2.402,7.222,1.045,2.002
2025-05-20,3.792,5.538,99.378,2.422,7.209,1.048,2.018
2025-05-21,3.808,5.545,99.38,2.416,7.439,1.045,2.034
2025-05-22,3.806,5.5,99.388,2.392,7.45,1.039,2.016
2025-05-23,3.777,5.451,99.396,2.361,7.454,1.03,1.994
2025-05-26,3.756,5.46,99.395,2.375,7.425,1.035,1.977
2025-05-27,3.735,5.446,99.394,2.368,7.366,1.028,1.967
2025-05-28,3.731,5.436,99.399,2.362,7.375,1.023,1.959
2025-05-29,3.755,5.516,99.401,2.405,7.3,1.04,1.989
2025-05-30,3.748,5.483,99.424,2.382,7.369,1.03,1.972
2025-06-03,3.746,5.492,99.42,2.395,7.478,1.034,1.977
2025-06-04,3.763,5.538,99.422,2.417,7.474,1.04,2.0
2025-06-05,3.773,5.573,99.424,2.437,7.483,1.051,2.023
2025-06-06,3.775,5.574,99.436,2.432,7.481,1.047,2.017
2025-06-09,3.784,5.614,99.436,2.457,7.4,1.053,2.034
2025-06-10,3.761,5.566,99.441,2.435,7.405,1.032,2.012
2025-06-11,3.793,5.603,99.441,2.446,7.428,1.031,2.038
2025-06-12,3.795,5.614,99.444,2.45,7.497,1.027,2.04
2025-06-13,3.769,5.565,99.458,2.418,7.588,1.022,2.02
2025-06-16,3.779,5.586,99.457,2.432,7.563,1.021,2.037
2025-06-17,3.778,5.574,99.458,2.429,7.499,1.012,2.028
2025-06-18,3.781,5.565,99.472,2.426,7.503,1.018,2.034
2025-06-19,3.75,5.507,99.485,2.396,7.465,1.012,2.005
2025-06-20,3.755,5.468,99.488,2.376,7.436,1.006,1.988
2025-06-23,3.768,5.501,99.482,2.407,7.464,1.012,1.998
2025-06-24,3.813,5.593,99.482,2.453,7.372,1.029,2.044
2025-06-25,3.878,5.702,99.481,2.49,7.392,1.048,2.109
2025-06-26,3.863,5.677,99.489,2.479,7.405,1.041,2.093
2025-06-27,3.84,5.699,99.507,2.488,7.326,1.041,2.101
2025-06-30,3.859,5.752,99.556,2.521,7.314,1.056,2.133
2025-07-01,3.865,5.771,99.516,2.528,7.397,1.048,2.126
2025-07-02,3.869,5.736,99.515,2.505,7.394,1.035,2.104
2025-07-03,3.892,5.76,99.523,2.516,7.445,1.036,2.141
2025-07-04,3.909,5.752,99.545,2.506,7.407,1.035,2.133
2025-07-07,3.891,5.74,99.538,2.509,7.355,1.029,2.11
2025-07-08,3.925,5.82,99.528,2.545,7.398,1.044,2.159
2025-07-09,3.922,5.794,99.529,2.537,7.314,1.036,2.163
2025-07-10,3.942,5.827,99.535,2.542,7.371,1.033,2.169
2025-07-11,3.956,5.879,99.54,2.568,7.376,1.047,2.185
2025-07-14,3.955,5.868,99.546,2.566,7.44,1.046,2.177
2025-07-15,3.955,5.866,99.554,2.557,7.436,1.048,2.212
2025-07-16,3.946,5.865,99.56,2.568,7.402,1.049,2.206
2025-07-17,3.979,5.935,99.563,2.599,7.397,1.057,2.247
2025-07-18,4.009,5.954,99.566,2.605,7.403,1.06,2.252
2025-07-21,4.034,6.015,99.566,2.627,7.446,1.061,2.275
2025-07-22,4.078,6.081,99.565,2.643,7.474,1.069,2.289
2025-07-23,4.076,6.059,99.571,2.633,7.548,1.074,2.287
2025-07-24,4.102,6.152,99.578,2.669,7.424,1.086,2.325
2025-07-25,4.08,6.154,99.59,2.667,7.409,1.109,2.318
2025-07-28,4.091,6.18,99.593,2.675,7.388,1.11,2.342
2025-07-29,4.112,6.22,99.588,2.698,7.363,1.125,2.383
2025-07-30,4.109,6.178,99.594,2.673,7.377,1.112,2.345
2025-07-31,4.032,6.086,99.619,2.654,7.35,1.101,2.301
2025-08-01,4.01,6.076,99.643,2.652,7.352,1.091,2.303
2025-08-04,4.029,6.124,99.623,2.685,7.446,1.104,2.313
2025-08-05,4.06,6.165,99.612,2.701,7.455,1.109,2.32
2025-08-06,4.071,6.217,99.613,2.73,7.468,1.113,2.336
2025-08-07,4.07,6.197,99.621,2.731,7.484,1.112,2.32
2025-08-08,4.06,6.186,99.625,2.722,7.508,1.096,2.312
2025-08-11,4.079,6.253,99.619,2.762,7.429,1.103,2.357
2025-08-12,4.105,6.286,99.629,2.772,7.399,1.124,2.385
2025-08-13,4.14,6.371,99.632,2.813,7.415,1.133,2.473
2025-08-14,4.133,6.303,99.639,2.782,7.424,1.142,2.446
2025-08-15,4.172,6.447,99.646,2.84,7.401,1.158,2.509
2025-08-18,4.204,6.537,99.646,2.882,7.413,1.183,2.582
2025-08-19,4.182,6.522,99.65,2.884,7.391,1.17,2.575
2025-08-20,4.241,6.613,99.662,2.917,7.374,1.208,2.588
2025-08-21,4.255,6.575,99.69,2.89,7.394,1.208,2.572
2025-08-22,4.356,6.704,99.678,2.941,7.378,1.323,2.662
2025-08-25,4.442,6.826,99.672,2.98,7.427,1.356,2.737
2025-08-26,4.418,6.837,99.675,2.98,7.449,1.336,2.716
2025-08-27,4.352,6.742,99.682,2.927,7.45,1.337,2.696
2025-08-28,4.436,6.893,99.704,2.968,7.468,1.433,2.806
2025-08-29,4.478,6.93,99.729,2.965,7.486,1.412,2.865
2025-09-01,4.493,6.995,99.747,2.997,7.647,1.431,2.927
2025-09-02,4.467,6.844,99.769,2.918,7.67,1.394,2.848
2025-09-03,4.426,6.729,99.736,2.873,7.768,1.365,2.87
2025-09-04,4.333,6.568,99.717,2.805,7.75,1.282,2.751
2025-09-05,4.431,6.8,99.699,2.888,7.775,1.326,2.944
2025-09-08,4.432,6.862,99.707,2.912,7.847,1.328,2.908
2025-09-09,4.405,6.795,99.71,2.878,7.966,1.307,2.845
2025-09-10,4.415,6.792,99.714,2.88,7.947,1.321,2.875
2025-09-11,4.537,7.013,99.717,2.958,7.923,1.393,3.025
2025-09-12,4.498,7.031,99.726,2.959,7.954,1.406,2.995
2025-09-15,4.506,7.015,99.73,2.956,7.931,1.409,3.037
2025-09-16,4.497,7.071,99.722,2.988,8.032,1.426,3.059
2025-09-17,4.53,7.146,99.732,3.015,7.964,1.44,3.119
2025-09-18,4.471,7.081,99.757,2.976,7.862,1.45,3.067
2025-09-19,4.481,7.05,99.761,2.965,7.898,1.431,3.062
2025-09-22,4.496,7.107,99.757,2.99,8.048,1.479,3.082
2025-09-23,4.499,7.066,99.77,2.954,8.143,1.475,3.093
2025-09-24,4.54,7.221,99.752,3.006,8.19,1.53,3.16
2025-09-25,4.572,7.23,99.755,2.995,8.146,1.548,3.211
2025-09-26,4.528,7.125,99.77,2.954,8.16,1.524,3.129
2025-09-29,4.605,7.251,99.773,2.991,8.259,1.543,3.213
2025-09-30,4.618,7.308,99.825,3.022,8.339,1.57,3.217
2025-10-09,4.693,7.438,99.793,3.048,8.729,1.618,3.235
2025-10-10,4.596,7.294,99.817,3.007,8.602,1.528,3.095
2025-10-13,4.569,7.258,99.814,2.998,8.859,1.546,3.054
2025-10-14,4.522,7.078,99.825,2.944,8.976,1.481,2.934
2025-10-15,4.583,7.182,99.819,2.985,9.187,1.501,3.003
2025-10-16,4.598,7.125,99.836,2.954,9.244,1.487,3.014
2025-10-17,4.501,6.903,99.858,2.868,9.568,1.433,2.915
2025-10-20,4.517,6.949,99.878,2.886,9.268,1.437,2.971
2025-10-21,4.587,7.069,99.845,2.927,9.49,1.477,3.062
2025-10-22,4.572,7.013,99.852,2.917,9.101,1.476,3.039
2025-10-23,4.59,7.038,99.847,2.919,8.994,1.473,3.038
2025-10-24,4.647,7.158,99.856,2.967,8.95,1.535,3.147
2025-10-27,4.703,7.267,99.852,2.989,8.914,1.558,3.209
2025-10-28,4.679,7.23,99.854,2.984,8.597,1.545,3.205
2025-10-29,4.739,7.383,99.857,3.025,8.692,1.565,3.3
2025-10-30,4.7,7.286,99.886,2.994,8.704,1.535,3.239
2025-10-31,4.633,7.225,99.871,2.996,8.794,1.488,3.166
2025-11-03,4.64,7.228,99.873,3.008,8.797,1.47,3.176
2025-11-04,4.606,7.102,99.888,2.967,8.737,1.455,3.112
2025-11-05,4.612,7.119,99.893,2.982,8.706,1.46,3.142
2025-11-06,4.682,7.24,99.901,3.016,8.755,1.509,3.201
2025-11-07,4.672,7.229,99.903,3.014,8.793,1.487,3.185
2025-11-10,4.684,7.237,99.897,3.018,8.936,1.478,3.158
2025-11-11,4.64,7.183,99.903,3.011,9.062,1.457,3.113
2025-11-12,4.642,7.145,99.904,2.993,9.029,1.449,3.108
2025-11-13,4.689,7.254,99.911,3.035,9.175,1.469,3.182
2025-11-14,4.618,7.127,99.92,2.994,9.096,1.431,3.093
2025-11-17,4.587,7.125,99.919,3.001,8.882,1.422,3.084
2025-11-18,4.56,7.051,99.925,2.977,8.777,1.427,3.051
2025-11-19,4.574,7.016,99.93,2.951,8.954,1.413,3.057
2025-11-20,4.553,6.959,99.95,2.932,8.903,1.396,3.026
2025-11-21,4.441,6.711,99.95,2.821,8.828,1.351,2.904
2025-11-24,4.434,6.759,99.943,2.854,8.857,1.36,2.908
2025-11-25,4.474,6.843,99.949,2.892,9.01,1.369,2.961
2025-11-26,4.503,6.854,99.952,2.892,9.011,1.382,3.027
2025-11-27,4.499,6.839,99.951,2.895,9.01,1.379,3.012
2025-11-28,4.512,6.924,99.959,2.926,9.067,1.393,3.035
2025-12-01,4.564,6.991,99.962,2.946,9.161,1.404,3.073
2025-12-02,4.543,6.93,99.98,2.921,9.112,1.387,3.052
2025-12-03,4.522,6.892,99.991,2.894,9.096,1.375,3.019
2025-12-04,4.534,6.914,99.977,2.897,9.064,1.394,3.051
2025-12-05,4.575,7.005,99.979,2.937,9.136,1.394,3.089
2025-12-08,4.609,7.067,99.978,2.963,9.11,1.42,3.171
2025-12-09,4.585,7.013,99.982,2.946,9.046,1.414,3.188
2025-12-10,4.579,7.052,99.987,2.958,9.095,1.415,3.192
2025-12-11,4.545,6.99,99.998,2.927,9.11,1.392,3.146
2025-12-12,4.571,7.074,99.991,2.947,9.227,1.418,3.174
2025-12-15,4.544,7.025,99.996,2.926,9.351,1.389,3.12
2025-12-16,4.497,6.915,100.009,2.875,9.24,1.361,3.06
2025-12-17,4.576,7.048,100.002,2.914,9.31,1.396,3.164
2025-12-18,4.545,7.01,100.011,2.908,9.318,1.376,3.092
2025-12-19,4.565,7.075,100.015,2.933,9.313,1.38,3.107
2025-12-22,4.607,7.157,100.015,2.96,9.511,1.405,3.175
2025-12-23,4.617,7.163,100.021,2.957,9.639,1.41,3.185
2025-12-24,4.634,7.259,100.022,3.004,9.642,1.423,3.212
2025-12-25,4.643,7.323,100.023,3.03,9.566,1.422,3.222
2025-12-26,4.661,7.369,100.032,3.041,9.65,1.419,3.226
2025-12-29,4.64,7.337,100.04,3.036,9.563,1.417,3.205
2025-12-30,4.65,7.37,100.037,3.039,9.363,1.433,3.229
2025-12-31,4.63,7.377,100.075,3.038,9.301,1.417,3.186
2026-01-05,4.721,7.581,100.055,3.109,9.495,1.479,3.281
2026-01-06,4.796,7.75,100.048,3.154,9.577,1.505,3.303
2026-01-07,4.778,7.788,100.064,3.162,9.518,1.52,3.311
2026-01-08,4.74,7.813,100.068,3.19,9.511,1.531,3.287
2026-01-09,4.762,8.005,100.074,3.264,9.592,1.554,3.314
2026-01-12,4.79,8.205,100.072,3.365,9.777,1.594,3.371
2026-01-13,4.773,8.095,100.084,3.296,9.793,1.549,3.306
2026-01-14,4.743,8.154,100.088,3.304,9.922,1.579,3.332
2026-01-15,4.752,8.128,100.107,3.304,9.867,1.573,3.352
2026-01-16,4.736,8.146,100.128,3.295,9.857,1.593,3.346
2026-01-19,4.738,8.199,100.122,3.304,10.006,1.586,3.318
2026-01-20,4.724,8.175,100.119,3.277,10.082,1.56,3.263
2026-01-21,4.73,8.283,100.107,3.305,10.377,1.616,3.281
2026-01-22,4.727,8.32,100.114,3.33,10.341,1.622,3.315
2026-01-23,4.704,8.57,100.12,3.402,10.617,1.635,3.337
2026-01-26,4.712,8.415,100.127,3.344,10.924,1.615,3.305
2026-01-27,4.71,8.47,100.132,3.357,10.934,1.64,3.327
2026-01-28,4.725,8.542,100.13,3.366,11.28,1.635,3.307
2026-01-29,4.768,8.442,100.129,3.34,11.904,1.589,3.292
2026-01-30,4.711,8.291,100.137,3.311,11.009,1.588,3.335
2026-02-02,4.6,7.9,100.158,3.175,9.908,1.528,3.252
2026-02-03,4.664,8.217,100.145,3.284,10.422,1.548,3.313
2026-02-04,4.707,8.239,100.153,3.289,10.867,1.531,3.297
2026-02-05,4.679,8.068,100.169,3.232,10.523,1.508,3.238
2026-02-06,4.649,8.064,100.17,3.221,10.357,1.499,3.229
2026-02-09,4.727,8.246,100.16,3.302,10.719,1.535,3.321
2026-02-10,4.733,8.228,100.166,3.301,10.669,1.55,3.311
2026-02-11,4.723,8.262,100.176,3.303,10.758,1.533,3.273
2026-02-12,4.727,8.365,100.187,3.336,10.72,1.559,3.319
2026-02-13,4.671,8.224,100.22,3.285,10.575,1.548,3.265
2026-02-24,4.716,8.32,100.207,3.322,10.95,1.543,3.295
2026-02-25,4.75,8.453,100.207,3.371,10.959,1.552,3.344
2026-02-26,4.735,8.481,100.208,3.396,10.913,1.564,3.336
2026-02-27,4.725,8.588,100.214,3.431,10.933,1.566,3.301
2026-03-02,4.739,8.584,100.227,3.393,11.417,1.544,3.282
2026-03-03,4.678,8.226,100.245,3.268,11.259,1.464,3.205
2026-03-04,4.61,8.168,100.263,3.238,10.98,1.459,3.154
2026-03-05,4.654,8.222,100.251,3.266,10.964,1.482,3.206
2026-03-06,4.667,8.272,100.243,3.3,10.873,1.491,3.225
2026-03-09,4.629,8.207,100.245,3.287,10.868,1.465,3.201
2026-03-10,4.683,8.332,100.246,3.344,10.956,1.495,3.296
2026-03-11,4.711,8.319,100.253,3.346,10.974,1.477,3.335
2026-03-12,4.694,8.277,100.256,3.338,10.938,1.456,3.308
2026-03-13,4.677,8.162,100.266,3.291,10.802,1.45,3.3
2026-03-16,4.68,8.11,100.265,3.285,10.664,1.458,3.349
2026-03-17,4.646,7.929,100.287,3.212,10.637,1.428,3.273
2026-03-18,4.662,8.007,100.276,3.24,10.606,1.445,3.338
2026-03-19,4.599,7.796,100.288,3.17,10.126,1.411,3.303
2026-03-20,4.576,7.663,100.285,3.117,9.896,1.388,3.341
2026-03-23,4.43,7.363,100.279,2.967,8.941,1.329,3.228
2026-03-24,4.479,7.503,100.283,3.044,9.299,1.359,3.237
2026-03-25,4.544,7.677,100.285,3.101,9.641,1.385,3.307
2026-03-26,4.488,7.551,100.298,3.057,9.45,1.357,3.263
2026-03-27,4.508,7.654,100.296,3.106,9.494,1.37,3.293
2026-03-30,4.5,7.669,100.296,3.109,9.656,1.359,3.264
2026-03-31,4.463,7.534,100.312,3.051,9.699,1.324,3.182
2026-04-01,4.534,7.66,100.312,3.107,10.024,1.369,3.232
2026-04-02,4.489,7.523,100.327,3.055,9.738,1.33,3.164
2026-04-03,4.454,7.454,100.367,3.02,9.828,1.324,3.141
2026-04-07,4.446,7.48,100.352,3.045,9.837,1.342,3.151
2026-04-08,4.602,7.877,100.325,3.189,10.113,1.425,3.345
2026-04-09,4.572,7.815,100.337,3.171,9.908,1.415,3.32
2026-04-10,4.642,7.886,100.344,3.201,9.972,1.437,3.437
2026-04-13,4.652,7.879,100.35,3.213,9.924,1.448,3.468
2026-04-14,4.712,8.01,100.357,3.263,10.011,1.479,3.55
2026-04-15,4.694,7.962,100.358,3.246,10.064,1.482,3.511
2026-04-16,4.746,8.104,100.351,3.298,10.097,1.498,3.624
2026-04-17,4.739,8.141,100.363,3.33,10.029,1.499,3.67
2026-04-20,4.765,8.206,100.364,3.345,10.036,1.527,3.672
2026-04-21,4.776,8.182,100.367,3.344,10.01,1.504,3.681
2026-04-22,4.811,8.306,100.369,3.401,10.004,1.529,3.758
2026-04-23,4.801,8.226,100.371,3.355,9.9,1.508,3.728
2026-04-24,4.782,8.174,100.382,3.326,9.826,1.531,3.674
2026-04-27,4.782,8.219,100.381,3.339,9.897,1.591,3.652
2026-04-28,4.77,8.124,100.391,3.297,9.732,1.568,3.602
2026-04-29,4.821,8.273,100.404,3.346,9.637,1.575,3.694
2026-04-30,4.824,8.281,100.407,3.362,9.678,1.654,3.689
2026-05-06,4.888,8.509,100.405,3.433,9.791,1.744,3.786
2026-05-07,4.912,8.622,100.41,3.493,9.909,1.769,3.845
2026-05-08,4.886,8.62,100.422,3.506,9.88,1.727,3.806
2026-05-11,4.966,8.763,100.427,3.555,9.774,1.811,3.947
2026-05-12,4.963,8.713,100.431,3.54,9.806,1.816,3.94
2026-05-13,5.017,8.86,100.431,3.598,9.804,1.865,4.048
2026-05-14,4.941,8.623,100.437,3.529,9.795,1.815,3.961
2026-05-15,4.878,8.463,100.455,3.488,9.554,1.787,3.97
2026-05-18,4.852,8.482,100.45,3.503,9.513,1.803,3.923
2026-05-19,4.869,8.554,100.459,3.542,9.515,1.871,3.922
2026-05-20,4.871,8.599,100.475,3.545,9.367,1.931,3.932
2026-05-21,4.808,8.354,100.481,3.432,9.45,1.86,3.846
2026-05-22,4.862,8.509,100.481,3.495,9.461,1.887,3.946
2026-05-25,4.937,8.637,100.473,3.539,9.512,1.998,4.034
2026-05-26,4.972,8.603,100.475,3.499,9.454,1.968,4.055
2026-05-27,4.932,8.465,100.473,3.437,9.345,1.911,4.056
2026-05-28,4.932,8.5,100.471,3.472,9.132,1.942,4.138
2026-05-29,4.923,8.294,100.485,3.383,9.397,1.844,4.053
2026-06-01,4.868,8.221,100.483,3.359,9.344,1.754,3.964
2026-06-02,4.936,8.257,100.488,3.368,9.41,1.781,4.071
2026-06-03,4.965,8.306,100.501,3.389,9.281,1.823,4.145
2026-06-04,4.926,8.299,100.512,3.385,9.29,1.832,4.1
2026-06-05,4.843,8.19,100.523,3.358,9.252,1.763,3.977
2026-06-08,4.739,7.919,100.516,3.258,8.953,1.683,3.827
2026-06-09,4.826,8.121,100.514,3.341,9.005,1.755,3.972
2026-06-10,4.784,8.022,100.517,3.303,8.736,1.744,3.87
2026-06-11,4.751,7.984,100.523,3.286,8.506,1.756,3.83
2026-06-12,4.818,8.093,100.517,3.309,8.659,1.756,3.846
2026-06-15,4.919,8.395,100.519,3.439,8.928,1.844,4.045
2026-06-16,4.91,8.483,100.522,3.491,8.949,1.855,4.111
2026-06-17,4.958,8.614,100.524,3.519,8.957,1.939,4.183
2026-06-18,4.984,8.679,100.533,3.544,8.908,2.017,4.269
2026-06-22,5.091,8.858,100.541,3.58,8.716,2.056,4.379
2026-06-23,4.942,8.666,100.554,3.51,8.537,2.023,4.21
2026-06-24,4.967,8.836,100.544,3.551,8.515,2.096,4.258
2026-06-25,5.048,8.936,100.545,3.569,8.287,2.178,4.395
2026-06-26,4.907,8.712,100.562,3.484,8.39,2.133,4.215
2026-06-29,4.959,8.825,100.555,3.475,8.449,2.248,4.236
2026-06-30,5.019,9.045,100.559,3.577,8.378,2.344,4.364
2026-07-01,4.998,9.031,100.57,3.585,8.271,2.29,4.274
2026-07-02,4.85,8.7,100.587,3.491,8.475,2.119,4.036
2026-07-03,4.876,8.752,100.616,3.488,8.672,2.102,4.037
2026-07-06,4.877,8.661,100.605,3.435,8.631,2.116,3.97
2026-07-07,4.826,8.508,100.62,3.368,8.597,2.126,3.932
2026-07-08,4.798,8.402,100.625,3.29,8.589,2.145,3.867
2026-07-09,4.916,8.655,100.613,3.354,8.544,2.328,4.04
2026-07-10,4.829,8.549,100.63,3.312,8.541,2.209,3.862
2026-07-13,4.744,8.143,100.624,3.158,8.419,2.1,3.751
2026-07-14,4.837,8.264,100.611,3.206,8.373,2.125,3.867
2026-07-15,4.838,8.151,100.612,3.169,8.369,2.028,3.828
2026-07-16,4.753,7.956,100.613,3.092,8.363,1.945,3.723
2026-07-17,4.589,7.505,100.639,2.908,8.311,1.807,3.463
2026-07-20,4.65,7.426,100.628,2.818,8.318,1.815,3.477
2026-07-21,4.787,7.792,100.628,2.933,8.468,2.016,3.709
2026-07-22,4.765,7.74,100.642,2.891,8.56,1.955,3.586
2026-07-23,4.787,7.737,100.643,2.914,8.56,1.888,3.597
2026-07-24,4.701,7.545,100.654,2.832,8.385,1.885,3.508
2026-07-27,4.753,7.726,100.635,2.93,8.502,1.911,3.612
2026-07-28,4.627,7.463,100.654,2.848,8.4,1.785,3.355
2026-07-29,4.657,7.54,100.658,2.878,8.392,1.776,3.402
2026-07-30,4.605,7.336,100.681,2.798,8.36,1.669,3.27
2026-07-31,4.653,7.5,100.693,2.864,8.433,1.728,3.368
2026-08-03,4.599,7.42,100.687,2.867,8.417,1.636,3.325
2026-08-04,4.651,7.601,100.673,2.943,8.408,1.706,3.514
2026-08-05,4.714,7.815,100.669,3.035,8.64,1.786,3.56
2026-08-06,4.709,7.832,100.672,3.049,8.795,1.794,3.54
2026-08-07,4.751,7.987,100.68,3.111,8.892,1.84,3.586
2026-08-10,4.759,8.037,100.687,3.129,9.005,1.835,3.559
2026-08-11,4.728,7.989,100.704,3.12,9.009,1.806,3.565
2026-08-12,4.748,8.053,100.702,3.156,9.103,1.833,3.621
2026-08-13,4.729,7.98,100.7,3.128,9.042,1.812,3.604
2026-08-14,4.726,7.998,100.709,3.145,8.946,1.814,3.645
2026-08-17,4.801,8.197,100.705,3.225,9.068,1.888,3.756
2026-08-18,4.787,8.185,100.707,3.213,9.078,1.888,3.723
2026-08-19,4.654,7.804,100.711,3.048,8.974,1.761,3.498
2026-08-20,4.653,7.863,100.727,3.074,9.234,1.744,3.512
2026-08-21,4.68,7.866,100.731,3.08,9.388,1.745,3.56
2026-08-24,4.627,7.74,100.745,3.04,9.564,1.691,3.457
2026-08-25,4.616,7.726,100.758,3.048,9.533,1.693,3.419
2026-08-26,4.652,7.789,100.753,3.059,9.517,1.721,3.432
2026-08-27,4.691,7.973,100.738,3.137,9.446,1.788,3.494
2026-08-28,4.679,7.923,100.746,3.127,9.475,1.756,3.443
2026-08-31,4.685,7.967,100.751,3.149,9.135,1.777,3.456
2026-09-01,4.684,7.881,100.76,3.122,9.118,1.74,3.412
2026-09-02,4.62,7.751,100.767,3.078,8.902,1.708,3.335
2026-09-03,4.621,7.781,100.767,3.086,9.105,1.703,3.33
2026-09-04,4.616,7.673,100.781,3.044,9.164,1.668,3.305
2026-09-07,4.634,7.771,100.771,3.097,9.024,1.705,3.414
2026-09-08,4.624,7.788,100.775,3.106,9.047,1.681,3.376
